group,n_random,n_bts,clicks_random,clicks_bts,population_weight_raw,v_random,v_bts,v0_ref,v1_ref,delta_ref,ref_se,ref_ci_lower,ref_ci_upper,ref_ci_width,reference_status,reference_interval_method,population_weight,campaign,direction,metrics_version,runner_revision
0,177228,1589804,668,8365,1767032,0.0037691561152865235,0.005261654895823636,0.0037691561152865235,0.005261654895823636,0.0014924987805371125,0.0001564586952176386,0.0011760480039279824,0.001789814096561677,0.0006137660926336947,beneficial,newcombe_wilson_difference,0.12868430437488854,all,random_to_bts,obd_eval_v6_drfixed,PRE-PAPER-FINAL-R6-DRFIX
1,177313,1590331,671,7734,1767644,0.003784268496951718,0.0048631385541752,0.003784268496951718,0.0048631385541752,0.001078870057223482,0.00015589936495864548,0.0007634535331705554,0.0013750239742016954,0.00061157044103114,beneficial,newcombe_wilson_difference,0.12872887334380217,all,random_to_bts,obd_eval_v6_drfixed,PRE-PAPER-FINAL-R6-DRFIX
2,177290,1590008,645,7883,1767298,0.0036381070562355464,0.0049578366901298606,0.0036381070562355464,0.0049578366901298606,0.0013197296338943142,0.00015345572931572455,0.0010091414495577724,0.0016111439820819713,0.0006020025325241989,beneficial,newcombe_wilson_difference,0.1287036758548412,all,random_to_bts,obd_eval_v6_drfixed,PRE-PAPER-FINAL-R6-DRFIX
3,104093,935008,348,4367,1039101,0.0033431642857829056,0.0046705482733837575,0.0033431642857829056,0.0046705482733837575,0.001327383987600852,0.00019230596296396048,0.0009336234443541626,0.0016885350493464242,0.0007549116049922616,beneficial,newcombe_wilson_difference,0.07567264733193912,all,random_to_bts,obd_eval_v6_drfixed,PRE-PAPER-FINAL-R6-DRFIX
4,104126,935211,340,4632,1039337,0.0032652747632675796,0.004952892983508535,0.0032652747632675796,0.004952892983508535,0.001687618220240955,0.000191118473397311,0.0012963024115590096,0.0020465764556332265,0.0007502740440742169,beneficial,newcombe_wilson_difference,0.07568983405851366,all,random_to_bts,obd_eval_v6_drfixed,PRE-PAPER-FINAL-R6-DRFIX
5,104131,935157,320,4486,1039288,0.003073052213077758,0.0047970554676915215,0.003073052213077758,0.0047970554676915215,0.0017240032546137637,0.00018581116156888465,0.0013431107820005494,0.002072617515852702,0.0007295067338521524,beneficial,newcombe_wilson_difference,0.07568626562799607,all,random_to_bts,obd_eval_v6_drfixed,PRE-PAPER-FINAL-R6-DRFIX
6,40823,369117,119,1721,409940,0.0029150233936751343,0.004662478292790633,0.0029150233936751343,0.004662478292790633,0.001747454899115499,0.0002894318408759384,0.0011366754928243401,0.0022759969554926054,0.0011393214626682652,beneficial,newcombe_wilson_difference,0.02985392666088775,all,random_to_bts,obd_eval_v6_drfixed,PRE-PAPER-FINAL-R6-DRFIX
7,40838,369158,129,1767,409996,0.0031588226651647973,0.004786568352846207,0.0031588226651647973,0.004786568352846207,0.0016277456876814095,0.00030001643580269537,0.0009961466287971067,0.002176749998574639,0.0011806033697775325,beneficial,newcombe_wilson_difference,0.029858004867193574,all,random_to_bts,obd_eval_v6_drfixed,PRE-PAPER-FINAL-R6-DRFIX
8,40845,369181,140,1741,410026,0.003427592116538132,0.004715843989804459,0.003427592116538132,0.004715843989804459,0.0012882518732663267,0.00031039165858141377,0.000636088893706668,0.0018571510574136455,0.0012210621637069774,beneficial,newcombe_wilson_difference,0.029860189620571697,all,random_to_bts,obd_eval_v6_drfixed,PRE-PAPER-FINAL-R6-DRFIX
9,133622,1204527,482,5801,1338149,0.003607190432713176,0.004815998313030758,0.003607190432713176,0.004815998313030758,0.0012088078803175815,0.00017571880421069362,0.0008512956800495982,0.0015408165021319582,0.00068952082208236,beneficial,newcombe_wilson_difference,0.09745085160594302,all,random_to_bts,obd_eval_v6_drfixed,PRE-PAPER-FINAL-R6-DRFIX
10,133641,1204885,450,6357,1338526,0.003367230116506162,0.005276022192989373,0.003367230116506162,0.005276022192989373,0.0019087920764832107,0.00017165955108731546,0.001559400564062625,0.002233041256044412,0.0006736406919817871,beneficial,newcombe_wilson_difference,0.09747830667339473,all,random_to_bts,obd_eval_v6_drfixed,PRE-PAPER-FINAL-R6-DRFIX
11,133669,1204806,444,6021,1338475,0.0033216377768966626,0.0049974850722854965,0.0033216377768966626,0.0049974850722854965,0.001675847295388834,0.00016998356192416962,0.0013296920326773976,0.001996766652682529,0.0006670746200051316,beneficial,newcombe_wilson_difference,0.09747459259265193,all,random_to_bts,obd_eval_v6_drfixed,PRE-PAPER-FINAL-R6-DRFIX
12,2239,20025,5,103,22264,0.0022331397945511387,0.005143570536828964,0.0022331397945511387,0.005143570536828964,0.0029104307422778255,0.001118343267543212,-0.0002064508581709392,0.004590903033218535,0.004797353891389474,ambiguous,newcombe_wilson_difference,0.0016213783070156728,all,random_to_bts,obd_eval_v6_drfixed,PRE-PAPER-FINAL-R6-DRFIX
13,2240,20033,0,107,22273,0.0,0.00534118704138172,0.0,0.00534118704138172,0.00534118704138172,0.0005149712280943689,0.003398196694456031,0.006449697230804713,0.003051500536348682,beneficial,newcombe_wilson_difference,0.001622033733029109,all,random_to_bts,obd_eval_v6_drfixed,PRE-PAPER-FINAL-R6-DRFIX
14,2229,19949,7,123,22178,0.0031404217137729925,0.006165722592611158,0.0031404217137729925,0.006165722592611158,0.0030253008788381657,0.001308295354408452,-0.00044832360706525834,0.005031358932098251,0.005479682539163509,ambiguous,newcombe_wilson_difference,0.001615115347331728,all,random_to_bts,obd_eval_v6_drfixed,PRE-PAPER-FINAL-R6-DRFIX
-1,1374327,12357200,4768,61208,13731527,0.0034693344451502445,0.004953225649823585,0.0034693344451502445,0.004953225649823585,0.0014838912046733405,5.3985940115521806e-05,0.0013768371029776688,0.0015884803388040891,0.00021164323582642031,beneficial,newcombe_wilson_difference,1.0,all,random_to_bts,obd_eval_v6_drfixed,PRE-PAPER-FINAL-R6-DRFIX
0,177228,1589804,668,8365,1767032,0.0037691561152865235,0.005261654895823636,0.005261654895823636,0.0037691561152865235,-0.0014924987805371125,0.0001564586952176386,-0.001789814096561677,-0.0011760480039279824,0.0006137660926336947,harmful,newcombe_wilson_difference,0.12868430437488854,all,bts_to_random,obd_eval_v6_drfixed,PRE-PAPER-FINAL-R6-DRFIX
1,177313,1590331,671,7734,1767644,0.003784268496951718,0.0048631385541752,0.0048631385541752,0.003784268496951718,-0.001078870057223482,0.00015589936495864548,-0.0013750239742016954,-0.0007634535331705554,0.00061157044103114,harmful,newcombe_wilson_difference,0.12872887334380217,all,bts_to_random,obd_eval_v6_drfixed,PRE-PAPER-FINAL-R6-DRFIX
2,177290,1590008,645,7883,1767298,0.0036381070562355464,0.0049578366901298606,0.0049578366901298606,0.0036381070562355464,-0.0013197296338943142,0.00015345572931572455,-0.0016111439820819713,-0.0010091414495577724,0.0006020025325241989,harmful,newcombe_wilson_difference,0.1287036758548412,all,bts_to_random,obd_eval_v6_drfixed,PRE-PAPER-FINAL-R6-DRFIX
3,104093,935008,348,4367,1039101,0.0033431642857829056,0.0046705482733837575,0.0046705482733837575,0.0033431642857829056,-0.001327383987600852,0.00019230596296396048,-0.0016885350493464242,-0.0009336234443541626,0.0007549116049922616,harmful,newcombe_wilson_difference,0.07567264733193912,all,bts_to_random,obd_eval_v6_drfixed,PRE-PAPER-FINAL-R6-DRFIX
4,104126,935211,340,4632,1039337,0.0032652747632675796,0.004952892983508535,0.004952892983508535,0.0032652747632675796,-0.001687618220240955,0.000191118473397311,-0.0020465764556332265,-0.0012963024115590096,0.0007502740440742169,harmful,newcombe_wilson_difference,0.07568983405851366,all,bts_to_random,obd_eval_v6_drfixed,PRE-PAPER-FINAL-R6-DRFIX
5,104131,935157,320,4486,1039288,0.003073052213077758,0.0047970554676915215,0.0047970554676915215,0.003073052213077758,-0.0017240032546137637,0.00018581116156888465,-0.002072617515852702,-0.0013431107820005494,0.0007295067338521524,harmful,newcombe_wilson_difference,0.07568626562799607,all,bts_to_random,obd_eval_v6_drfixed,PRE-PAPER-FINAL-R6-DRFIX
6,40823,369117,119,1721,409940,0.0029150233936751343,0.004662478292790633,0.004662478292790633,0.0029150233936751343,-0.001747454899115499,0.0002894318408759384,-0.0022759969554926054,-0.0011366754928243401,0.0011393214626682652,harmful,newcombe_wilson_difference,0.02985392666088775,all,bts_to_random,obd_eval_v6_drfixed,PRE-PAPER-FINAL-R6-DRFIX
7,40838,369158,129,1767,409996,0.0031588226651647973,0.004786568352846207,0.004786568352846207,0.0031588226651647973,-0.0016277456876814095,0.00030001643580269537,-0.002176749998574639,-0.0009961466287971067,0.0011806033697775325,harmful,newcombe_wilson_difference,0.029858004867193574,all,bts_to_random,obd_eval_v6_drfixed,PRE-PAPER-FINAL-R6-DRFIX
8,40845,369181,140,1741,410026,0.003427592116538132,0.004715843989804459,0.004715843989804459,0.003427592116538132,-0.0012882518732663267,0.00031039165858141377,-0.0018571510574136455,-0.000636088893706668,0.0012210621637069774,harmful,newcombe_wilson_difference,0.029860189620571697,all,bts_to_random,obd_eval_v6_drfixed,PRE-PAPER-FINAL-R6-DRFIX
9,133622,1204527,482,5801,1338149,0.003607190432713176,0.004815998313030758,0.004815998313030758,0.003607190432713176,-0.0012088078803175815,0.00017571880421069362,-0.0015408165021319582,-0.0008512956800495982,0.00068952082208236,harmful,newcombe_wilson_difference,0.09745085160594302,all,bts_to_random,obd_eval_v6_drfixed,PRE-PAPER-FINAL-R6-DRFIX
10,133641,1204885,450,6357,1338526,0.003367230116506162,0.005276022192989373,0.005276022192989373,0.003367230116506162,-0.0019087920764832107,0.00017165955108731546,-0.002233041256044412,-0.001559400564062625,0.0006736406919817871,harmful,newcombe_wilson_difference,0.09747830667339473,all,bts_to_random,obd_eval_v6_drfixed,PRE-PAPER-FINAL-R6-DRFIX
11,133669,1204806,444,6021,1338475,0.0033216377768966626,0.0049974850722854965,0.0049974850722854965,0.0033216377768966626,-0.001675847295388834,0.00016998356192416962,-0.001996766652682529,-0.0013296920326773976,0.0006670746200051316,harmful,newcombe_wilson_difference,0.09747459259265193,all,bts_to_random,obd_eval_v6_drfixed,PRE-PAPER-FINAL-R6-DRFIX
12,2239,20025,5,103,22264,0.0022331397945511387,0.005143570536828964,0.005143570536828964,0.0022331397945511387,-0.0029104307422778255,0.001118343267543212,-0.004590903033218535,0.0002064508581709392,0.004797353891389474,ambiguous,newcombe_wilson_difference,0.0016213783070156728,all,bts_to_random,obd_eval_v6_drfixed,PRE-PAPER-FINAL-R6-DRFIX
13,2240,20033,0,107,22273,0.0,0.00534118704138172,0.00534118704138172,0.0,-0.00534118704138172,0.0005149712280943689,-0.006449697230804713,-0.003398196694456031,0.003051500536348682,harmful,newcombe_wilson_difference,0.001622033733029109,all,bts_to_random,obd_eval_v6_drfixed,PRE-PAPER-FINAL-R6-DRFIX
14,2229,19949,7,123,22178,0.0031404217137729925,0.006165722592611158,0.006165722592611158,0.0031404217137729925,-0.0030253008788381657,0.001308295354408452,-0.005031358932098251,0.00044832360706525834,0.005479682539163509,ambiguous,newcombe_wilson_difference,0.001615115347331728,all,bts_to_random,obd_eval_v6_drfixed,PRE-PAPER-FINAL-R6-DRFIX
-1,1374327,12357200,4768,61208,13731527,0.0034693344451502445,0.004953225649823585,0.004953225649823585,0.0034693344451502445,-0.0014838912046733405,5.3985940115521806e-05,-0.0015884803388040891,-0.0013768371029776688,0.00021164323582642031,harmful,newcombe_wilson_difference,1.0,all,bts_to_random,obd_eval_v6_drfixed,PRE-PAPER-FINAL-R6-DRFIX
0,14757,132659,62,839,147416,0.004201395947685844,0.006324486088392043,0.004201395947685844,0.006324486088392043,0.0021230901407061986,0.0005752237578681473,0.0008726458705899311,0.0031455215571849064,0.002272875686594975,beneficial,newcombe_wilson_difference,0.03351604491753879,men,random_to_bts,obd_eval_v6_drfixed,PRE-PAPER-FINAL-R6-DRFIX
1,14767,132736,73,822,147503,0.004943455001015779,0.006192743490838959,0.004943455001015779,0.006192743490838959,0.0012492884898231797,0.0006160149689952465,-8.188278680813376e-05,0.002349243358110294,0.0024311261449184276,ambiguous,newcombe_wilson_difference,0.03353582496792563,men,random_to_bts,obd_eval_v6_drfixed,PRE-PAPER-FINAL-R6-DRFIX
2,14775,132702,60,666,147477,0.0040609137055837565,0.005018763846814668,0.0040609137055837565,0.005018763846814668,0.0009578501412309112,0.0005580001692355073,-0.0002607489279391152,0.0019447332661591268,0.0022054821940982417,ambiguous,newcombe_wilson_difference,0.033529913688499675,men,random_to_bts,obd_eval_v6_drfixed,PRE-PAPER-FINAL-R6-DRFIX
3,18330,164253,82,981,182583,0.00447354064375341,0.005972493653083962,0.00447354064375341,0.005972493653083962,0.0014989530093305519,0.0005283069840049706,0.0003645175775991345,0.0024479938288187613,0.0020834762512196266,beneficial,newcombe_wilson_difference,0.04151150505493966,men,random_to_bts,obd_eval_v6_drfixed,PRE-PAPER-FINAL-R6-DRFIX
4,18343,164312,98,1015,182655,0.005342637518399389,0.006177272505964263,0.005342637518399389,0.006177272505964263,0.0008346349875648735,0.0005718998557307747,-0.0003854909342860392,0.0018676445572804415,0.002253135491566481,ambiguous,newcombe_wilson_difference,0.04152787475181152,men,random_to_bts,obd_eval_v6_drfixed,PRE-PAPER-FINAL-R6-DRFIX
5,18333,164304,70,885,182637,0.0038182512409316535,0.005386356996786444,0.0038182512409316535,0.005386356996786444,0.0015681057558547908,0.0004899827476868031,0.0005085677856422669,0.0024429388994114567,0.0019343711137691899,beneficial,newcombe_wilson_difference,0.04152378232759356,men,random_to_bts,obd_eval_v6_drfixed,PRE-PAPER-FINAL-R6-DRFIX
6,7173,64396,29,435,71569,0.004042938798271295,0.0067550779551524935,0.004042938798271295,0.0067550779551524935,0.0027121391568811987,0.0008158091668798585,0.0008539195158913575,0.004106175275758326,0.0032522557598669687,beneficial,newcombe_wilson_difference,0.016271706047534418,men,random_to_bts,obd_eval_v6_drfixed,PRE-PAPER-FINAL-R6-DRFIX
7,7174,64421,54,427,71595,0.007527181488709228,0.006628273389112246,0.007527181488709228,0.006628273389112246,-0.0008989080995969812,0.0010693647544106062,-0.0032563591058669904,0.0009732967786551892,0.00422965588452218,ambiguous,newcombe_wilson_difference,0.016277617326960366,men,random_to_bts,obd_eval_v6_drfixed,PRE-PAPER-FINAL-R6-DRFIX
8,7172,64431,31,342,71603,0.004322364751812605,0.0053080039111607765,0.004322364751812605,0.0053080039111607765,0.0009856391593481718,0.0008258405842290373,-0.0008974027707443449,0.002391562717556326,0.0032889654883006708,ambiguous,newcombe_wilson_difference,0.01627943618216835,men,random_to_bts,obd_eval_v6_drfixed,PRE-PAPER-FINAL-R6-DRFIX
12,66599,997570,307,7590,1064169,0.0046096788240063665,0.0076084886273644955,0.0046096788240063665,0.0076084886273644955,0.002998809803358129,0.00027652371919435704,0.002429459651692423,0.0035151108227006256,0.0010856511710082028,beneficial,newcombe_wilson_difference,0.24194616597826787,men,random_to_bts,obd_eval_v6_drfixed,PRE-PAPER-FINAL-R6-DRFIX
13,66615,998014,290,7304,1064629,0.004353373864745177,0.007318534609734933,0.004353373864745177,0.007318534609734933,0.002965160744989756,0.0002689724657983713,0.0024106062918768595,0.003466710246937609,0.0010561039550607493,beneficial,newcombe_wilson_difference,0.242050750152727,men,random_to_bts,obd_eval_v6_drfixed,PRE-PAPER-FINAL-R6-DRFIX
14,66606,997929,280,6189,1064535,0.004203825481187881,0.0062018440189632726,0.004203825481187881,0.0062018440189632726,0.0019980185377753918,0.0002627273587357656,0.001455480393768723,0.0024871274638050564,0.0010316470700363334,beneficial,newcombe_wilson_difference,0.24202937860403317,men,random_to_bts,obd_eval_v6_drfixed,PRE-PAPER-FINAL-R6-DRFIX
-1,452949,4077727,2321,27495,4530676,0.005124197205424894,0.006742727014339116,0.005124197205424894,0.006742727014339116,0.0016185298089142226,0.00011356671307037204,0.0013921407145646618,0.001837409238869175,0.0004452685243045132,beneficial,newcombe_wilson_difference,1.0,men,random_to_bts,obd_eval_v6_drfixed,PRE-PAPER-FINAL-R6-DRFIX
0,14757,132659,62,839,147416,0.004201395947685844,0.006324486088392043,0.006324486088392043,0.004201395947685844,-0.0021230901407061986,0.0005752237578681473,-0.0031455215571849064,-0.0008726458705899311,0.002272875686594975,harmful,newcombe_wilson_difference,0.03351604491753879,men,bts_to_random,obd_eval_v6_drfixed,PRE-PAPER-FINAL-R6-DRFIX
1,14767,132736,73,822,147503,0.004943455001015779,0.006192743490838959,0.006192743490838959,0.004943455001015779,-0.0012492884898231797,0.0006160149689952465,-0.002349243358110294,8.188278680813376e-05,0.0024311261449184276,ambiguous,newcombe_wilson_difference,0.03353582496792563,men,bts_to_random,obd_eval_v6_drfixed,PRE-PAPER-FINAL-R6-DRFIX
2,14775,132702,60,666,147477,0.0040609137055837565,0.005018763846814668,0.005018763846814668,0.0040609137055837565,-0.0009578501412309112,0.0005580001692355073,-0.0019447332661591268,0.0002607489279391152,0.0022054821940982417,ambiguous,newcombe_wilson_difference,0.033529913688499675,men,bts_to_random,obd_eval_v6_drfixed,PRE-PAPER-FINAL-R6-DRFIX
3,18330,164253,82,981,182583,0.00447354064375341,0.005972493653083962,0.005972493653083962,0.00447354064375341,-0.0014989530093305519,0.0005283069840049706,-0.0024479938288187613,-0.0003645175775991345,0.0020834762512196266,harmful,newcombe_wilson_difference,0.04151150505493966,men,bts_to_random,obd_eval_v6_drfixed,PRE-PAPER-FINAL-R6-DRFIX
4,18343,164312,98,1015,182655,0.005342637518399389,0.006177272505964263,0.006177272505964263,0.005342637518399389,-0.0008346349875648735,0.0005718998557307747,-0.0018676445572804415,0.0003854909342860392,0.002253135491566481,ambiguous,newcombe_wilson_difference,0.04152787475181152,men,bts_to_random,obd_eval_v6_drfixed,PRE-PAPER-FINAL-R6-DRFIX
5,18333,164304,70,885,182637,0.0038182512409316535,0.005386356996786444,0.005386356996786444,0.0038182512409316535,-0.0015681057558547908,0.0004899827476868031,-0.0024429388994114567,-0.0005085677856422669,0.0019343711137691899,harmful,newcombe_wilson_difference,0.04152378232759356,men,bts_to_random,obd_eval_v6_drfixed,PRE-PAPER-FINAL-R6-DRFIX
6,7173,64396,29,435,71569,0.004042938798271295,0.0067550779551524935,0.0067550779551524935,0.004042938798271295,-0.0027121391568811987,0.0008158091668798585,-0.004106175275758326,-0.0008539195158913575,0.0032522557598669687,harmful,newcombe_wilson_difference,0.016271706047534418,men,bts_to_random,obd_eval_v6_drfixed,PRE-PAPER-FINAL-R6-DRFIX
7,7174,64421,54,427,71595,0.007527181488709228,0.006628273389112246,0.006628273389112246,0.007527181488709228,0.0008989080995969812,0.0010693647544106062,-0.0009732967786551892,0.0032563591058669904,0.00422965588452218,ambiguous,newcombe_wilson_difference,0.016277617326960366,men,bts_to_random,obd_eval_v6_drfixed,PRE-PAPER-FINAL-R6-DRFIX
8,7172,64431,31,342,71603,0.004322364751812605,0.0053080039111607765,0.0053080039111607765,0.004322364751812605,-0.0009856391593481718,0.0008258405842290373,-0.002391562717556326,0.0008974027707443449,0.0032889654883006708,ambiguous,newcombe_wilson_difference,0.01627943618216835,men,bts_to_random,obd_eval_v6_drfixed,PRE-PAPER-FINAL-R6-DRFIX
12,66599,997570,307,7590,1064169,0.0046096788240063665,0.0076084886273644955,0.0076084886273644955,0.0046096788240063665,-0.002998809803358129,0.00027652371919435704,-0.0035151108227006256,-0.002429459651692423,0.0010856511710082028,harmful,newcombe_wilson_difference,0.24194616597826787,men,bts_to_random,obd_eval_v6_drfixed,PRE-PAPER-FINAL-R6-DRFIX
13,66615,998014,290,7304,1064629,0.004353373864745177,0.007318534609734933,0.007318534609734933,0.004353373864745177,-0.002965160744989756,0.0002689724657983713,-0.003466710246937609,-0.0024106062918768595,0.0010561039550607493,harmful,newcombe_wilson_difference,0.242050750152727,men,bts_to_random,obd_eval_v6_drfixed,PRE-PAPER-FINAL-R6-DRFIX
14,66606,997929,280,6189,1064535,0.004203825481187881,0.0062018440189632726,0.0062018440189632726,0.004203825481187881,-0.0019980185377753918,0.0002627273587357656,-0.0024871274638050564,-0.001455480393768723,0.0010316470700363334,harmful,newcombe_wilson_difference,0.24202937860403317,men,bts_to_random,obd_eval_v6_drfixed,PRE-PAPER-FINAL-R6-DRFIX
-1,452949,4077727,2321,27495,4530676,0.005124197205424894,0.006742727014339116,0.006742727014339116,0.005124197205424894,-0.0016185298089142226,0.00011356671307037204,-0.001837409238869175,-0.0013921407145646618,0.0004452685243045132,harmful,newcombe_wilson_difference,1.0,men,bts_to_random,obd_eval_v6_drfixed,PRE-PAPER-FINAL-R6-DRFIX
0,2995,26856,19,183,29851,0.006343906510851419,0.006814119749776586,0.006343906510851419,0.006814119749776586,0.0004702132389251667,0.0015351636469035004,-0.0031897260794046408,0.0029821514888743743,0.006171877568279015,ambiguous,newcombe_wilson_difference,0.0035393216728941625,women,random_to_bts,obd_eval_v6_drfixed,PRE-PAPER-FINAL-R6-DRFIX
1,2994,26862,11,138,29856,0.003674014696058784,0.00513736877373241,0.003674014696058784,0.00513736877373241,0.0014633540776736263,0.0011886484907061578,-0.0015350131315209725,0.0033316745346578663,0.004866687666178839,ambiguous,newcombe_wilson_difference,0.0035399145042353058,women,random_to_bts,obd_eval_v6_drfixed,PRE-PAPER-FINAL-R6-DRFIX
2,2994,26862,9,150,29856,0.003006012024048096,0.005584096493187403,0.003006012024048096,0.005584096493187403,0.0025780844691393064,0.001098960428702235,-0.00024214036124865345,0.004297773816772444,0.004539914178021098,ambiguous,newcombe_wilson_difference,0.0035399145042353058,women,random_to_bts,obd_eval_v6_drfixed,PRE-PAPER-FINAL-R6-DRFIX
6,52429,472959,221,2712,525388,0.0042152243987106375,0.005734112259202172,0.0042152243987106375,0.005734112259202172,0.0015188878604915348,0.00030350322823994913,0.0008902819054855444,0.0020826756145312193,0.001192393709045675,beneficial,newcombe_wilson_difference,0.062293294532126835,women,random_to_bts,obd_eval_v6_drfixed,PRE-PAPER-FINAL-R6-DRFIX
7,52465,473055,235,2857,525520,0.004479176593919756,0.0060394668696029,0.004479176593919756,0.0060394668696029,0.0015602902756831445,0.0003125411922646787,0.0009140306243886301,0.002141763967377866,0.0012277333429892357,beneficial,newcombe_wilson_difference,0.06230894527953302,women,random_to_bts,obd_eval_v6_drfixed,PRE-PAPER-FINAL-R6-DRFIX
8,52460,473048,247,2740,525508,0.004708349218452154,0.005792224044917218,0.004708349218452154,0.005792224044917218,0.0010838748264650642,0.00031859409210759396,0.00042555438168345944,0.0016769359052967675,0.001251381523613308,beneficial,newcombe_wilson_difference,0.06230752248431427,women,random_to_bts,obd_eval_v6_drfixed,PRE-PAPER-FINAL-R6-DRFIX
9,167394,2088324,772,13389,2255718,0.004611873782811809,0.006411361455406345,0.004611873782811809,0.006411361455406345,0.0017994876725945363,0.00017456908033279542,0.0014466262339218083,0.002131355411513967,0.0006847291775921589,beneficial,newcombe_wilson_difference,0.26745206543624916,women,random_to_bts,obd_eval_v6_drfixed,PRE-PAPER-FINAL-R6-DRFIX
10,167444,2088780,797,13390,2256224,0.00475980029144072,0.0064104405442411356,0.00475980029144072,0.0064104405442411356,0.0016506402528004152,0.00017703172892366765,0.0012929416713160003,0.0019873162809707764,0.0006943746096547761,beneficial,newcombe_wilson_difference,0.2675120599679729,women,random_to_bts,obd_eval_v6_drfixed,PRE-PAPER-FINAL-R6-DRFIX
11,167430,2088751,709,13980,2256181,0.004234605506778953,0.00669299500036146,0.004234605506778953,0.00669299500036146,0.0024583894935825074,0.00016842670306087257,0.0021176392106659215,0.0027783131495730806,0.0006606739389071591,beneficial,newcombe_wilson_difference,0.26750696161843907,women,random_to_bts,obd_eval_v6_drfixed,PRE-PAPER-FINAL-R6-DRFIX
-1,864585,7765497,4163,49539,8630082,0.004815026862598819,0.006379372756180319,0.004815026862598819,0.006379372756180319,0.0015643458935815004,7.974097278565839e-05,0.0014060711899959895,0.0017186874046497642,0.0003126162146537747,beneficial,newcombe_wilson_difference,1.0,women,random_to_bts,obd_eval_v6_drfixed,PRE-PAPER-FINAL-R6-DRFIX
0,2995,26856,19,183,29851,0.006343906510851419,0.006814119749776586,0.006814119749776586,0.006343906510851419,-0.0004702132389251667,0.0015351636469035004,-0.0029821514888743743,0.0031897260794046408,0.006171877568279015,ambiguous,newcombe_wilson_difference,0.0035393216728941625,women,bts_to_random,obd_eval_v6_drfixed,PRE-PAPER-FINAL-R6-DRFIX
1,2994,26862,11,138,29856,0.003674014696058784,0.00513736877373241,0.00513736877373241,0.003674014696058784,-0.0014633540776736263,0.0011886484907061578,-0.0033316745346578663,0.0015350131315209725,0.004866687666178839,ambiguous,newcombe_wilson_difference,0.0035399145042353058,women,bts_to_random,obd_eval_v6_drfixed,PRE-PAPER-FINAL-R6-DRFIX
2,2994,26862,9,150,29856,0.003006012024048096,0.005584096493187403,0.005584096493187403,0.003006012024048096,-0.0025780844691393064,0.001098960428702235,-0.004297773816772444,0.00024214036124865345,0.004539914178021098,ambiguous,newcombe_wilson_difference,0.0035399145042353058,women,bts_to_random,obd_eval_v6_drfixed,PRE-PAPER-FINAL-R6-DRFIX
6,52429,472959,221,2712,525388,0.0042152243987106375,0.005734112259202172,0.005734112259202172,0.0042152243987106375,-0.0015188878604915348,0.00030350322823994913,-0.0020826756145312193,-0.0008902819054855444,0.001192393709045675,harmful,newcombe_wilson_difference,0.062293294532126835,women,bts_to_random,obd_eval_v6_drfixed,PRE-PAPER-FINAL-R6-DRFIX
7,52465,473055,235,2857,525520,0.004479176593919756,0.0060394668696029,0.0060394668696029,0.004479176593919756,-0.0015602902756831445,0.0003125411922646787,-0.002141763967377866,-0.0009140306243886301,0.0012277333429892357,harmful,newcombe_wilson_difference,0.06230894527953302,women,bts_to_random,obd_eval_v6_drfixed,PRE-PAPER-FINAL-R6-DRFIX
8,52460,473048,247,2740,525508,0.004708349218452154,0.005792224044917218,0.005792224044917218,0.004708349218452154,-0.0010838748264650642,0.00031859409210759396,-0.0016769359052967675,-0.00042555438168345944,0.001251381523613308,harmful,newcombe_wilson_difference,0.06230752248431427,women,bts_to_random,obd_eval_v6_drfixed,PRE-PAPER-FINAL-R6-DRFIX
9,167394,2088324,772,13389,2255718,0.004611873782811809,0.006411361455406345,0.006411361455406345,0.004611873782811809,-0.0017994876725945363,0.00017456908033279542,-0.002131355411513967,-0.0014466262339218083,0.0006847291775921589,harmful,newcombe_wilson_difference,0.26745206543624916,women,bts_to_random,obd_eval_v6_drfixed,PRE-PAPER-FINAL-R6-DRFIX
10,167444,2088780,797,13390,2256224,0.00475980029144072,0.0064104405442411356,0.0064104405442411356,0.00475980029144072,-0.0016506402528004152,0.00017703172892366765,-0.0019873162809707764,-0.0012929416713160003,0.0006943746096547761,harmful,newcombe_wilson_difference,0.2675120599679729,women,bts_to_random,obd_eval_v6_drfixed,PRE-PAPER-FINAL-R6-DRFIX
11,167430,2088751,709,13980,2256181,0.004234605506778953,0.00669299500036146,0.00669299500036146,0.004234605506778953,-0.0024583894935825074,0.00016842670306087257,-0.0027783131495730806,-0.0021176392106659215,0.0006606739389071591,harmful,newcombe_wilson_difference,0.26750696161843907,women,bts_to_random,obd_eval_v6_drfixed,PRE-PAPER-FINAL-R6-DRFIX
-1,864585,7765497,4163,49539,8630082,0.004815026862598819,0.006379372756180319,0.006379372756180319,0.004815026862598819,-0.0015643458935815004,7.974097278565839e-05,-0.0017186874046497642,-0.0014060711899959895,0.0003126162146537747,harmful,newcombe_wilson_difference,1.0,women,bts_to_random,obd_eval_v6_drfixed,PRE-PAPER-FINAL-R6-DRFIX
