campaign,direction,n_label,method,deployment_coverage,clear_harmful_exposure,ambiguous_deployment_exposure,clear_beneficial_deployment_exposure,sign_agreement,hybrid_value,reference_clear_policy_value,hybrid_minus_reference_clear_policy,reference_sign_selective_value,hybrid_minus_reference_sign_selective,clear_reference_weight,ambiguous_reference_weight,runner_revision
all,bts_to_random,10000,bb_dr,0.02468558303821563,0.023472367639811653,0.0012132153984039794,0.0,0.9423076923076923,0.004910695242268912,0.004953235110226753,-4.2539867957840834e-05,0.004953235110226753,-4.2539867957840834e-05,0.9967635063456527,0.0032364936543474014,PRE-PAPER-FINAL-R6-DRFIX
all,bts_to_random,10000,bootstrap_dr,0.008377480523469823,0.007811250707951125,0.0005662298155186965,0.0,0.9807692307692308,0.004938703992595041,0.004953235110226753,-1.4531117631712883e-05,0.004953235110226753,-1.4531117631712883e-05,0.9967635063456527,0.0032364936543474014,PRE-PAPER-FINAL-R6-DRFIX
all,bts_to_random,100000,bb_dr,0.010787077795499363,0.01046280213409623,0.0003242756614031346,0.0,0.9807692307692308,0.004935974919375053,0.004953235110226753,-1.7260190851700435e-05,0.004953235110226753,-1.7260190851700435e-05,0.9967635063456527,0.0032364936543474014,PRE-PAPER-FINAL-R6-DRFIX
all,bts_to_random,100000,bootstrap_dr,8.110168665145544e-05,8.110168665145544e-05,0.0,0.0,0.9961538461538462,0.0049528019309489765,0.004953235110226753,-4.331792777769426e-07,0.004953235110226753,-4.331792777769426e-07,0.9967635063456527,0.0032364936543474014,PRE-PAPER-FINAL-R6-DRFIX
all,bts_to_random,250000,bb_dr,0.00048585273873765096,0.0001622033733029109,0.0003236493654347401,0.0,0.9923076923076923,0.004951408239756269,0.004953235110226753,-1.8268704704846664e-06,0.004953235110226753,-1.8268704704846664e-06,0.9967635063456527,0.0032364936543474014,PRE-PAPER-FINAL-R6-DRFIX
all,bts_to_random,250000,bootstrap_dr,0.0,0.0,0.0,0.0,1.0,0.004953235110226753,0.004953235110226753,0.0,0.004953235110226753,0.0,0.9967635063456527,0.0032364936543474014,PRE-PAPER-FINAL-R6-DRFIX
all,bts_to_random,50000,bb_dr,0.007649815639586187,0.006840692225999337,0.0008091234135868501,0.0,0.976923076923077,0.004940175231299704,0.004953235110226753,-1.3059878927049792e-05,0.004953235110226753,-1.3059878927049792e-05,0.9967635063456527,0.0032364936543474014,PRE-PAPER-FINAL-R6-DRFIX
all,bts_to_random,50000,bootstrap_dr,0.0005666085061042374,0.0001622033733029109,0.0004044051328013265,0.0,0.9923076923076923,0.004951163929262283,0.004953235110226753,-2.0711809644700323e-06,0.004953235110226753,-2.0711809644700323e-06,0.9967635063456527,0.0032364936543474014,PRE-PAPER-FINAL-R6-DRFIX
all,bts_to_random,500000,bb_dr,0.0001622033733029109,0.0001622033733029109,0.0,0.0,0.9923076923076923,0.0049523687516712,0.004953235110226753,-8.663585555538852e-07,0.004953235110226753,-8.663585555538852e-07,0.9967635063456527,0.0032364936543474014,PRE-PAPER-FINAL-R6-DRFIX
all,bts_to_random,500000,bootstrap_dr,8.110168665145544e-05,8.110168665145544e-05,0.0,0.0,0.9961538461538462,0.0049528019309489765,0.004953235110226753,-4.331792777769426e-07,0.004953235110226753,-4.331792777769426e-07,0.9967635063456527,0.0032364936543474014,PRE-PAPER-FINAL-R6-DRFIX
all,bts_to_random,full,bb_dr,0.0,0.0,0.0,0.0,1.0,0.004953235110226753,0.004953235110226753,0.0,0.004953235110226753,0.0,0.9967635063456526,0.003236493654347401,PRE-PAPER-FINAL-R6-DRFIX
all,bts_to_random,full,bootstrap_dr,0.0,0.0,0.0,0.0,1.0,0.004953235110226753,0.004953235110226753,0.0,0.004953235110226753,0.0,0.9967635063456526,0.003236493654347401,PRE-PAPER-FINAL-R6-DRFIX
all,random_to_bts,10000,bb_dr,0.12648308523880847,0.0,0.0012945974617389604,0.12518848777706953,0.1653846153846154,0.0036755341286349398,0.0049436299910774455,-0.0012680958624425053,0.004953235110226753,-0.0012777009815918131,0.9967635063456527,0.0032364936543474014,PRE-PAPER-FINAL-R6-DRFIX
all,random_to_bts,10000,bootstrap_dr,0.015067552210325916,0.0,0.0007283676462202639,0.014339184564105652,0.03461538461538462,0.003492594417079091,0.0049436299910774455,-0.0014510355739983543,0.004953235110226753,-0.0014606406931476621,0.9967635063456527,0.0032364936543474014,PRE-PAPER-FINAL-R6-DRFIX
all,random_to_bts,100000,bb_dr,0.18064233861245,0.0,0.00040534457675391814,0.1802369940356961,0.18846153846153849,0.0037469698232661377,0.0049436299910774455,-0.0011966601678113078,0.004953235110226753,-0.0012062652869606156,0.9967635063456527,0.0032364936543474014,PRE-PAPER-FINAL-R6-DRFIX
all,random_to_bts,100000,bootstrap_dr,0.11982918214412716,0.0,0.0,0.11982918214412716,0.11538461538461539,0.0036512382164513315,0.0049436299910774455,-0.0012923917746261138,0.004953235110226753,-0.0013019968937754217,0.9967635063456527,0.0032364936543474014,PRE-PAPER-FINAL-R6-DRFIX
all,random_to_bts,250000,bb_dr,0.274325146067149,0.0,0.0008106891535078363,0.2735144569136411,0.2846153846153846,0.0038884143692273637,0.0049436299910774455,-0.001055215621850082,0.004953235110226753,-0.0010648207409993898,0.9967635063456527,0.0032364936543474014,PRE-PAPER-FINAL-R6-DRFIX
all,random_to_bts,250000,bootstrap_dr,0.20722994245286777,0.0,0.0,0.20722994245286777,0.19230769230769232,0.0037851840856019574,0.0049436299910774455,-0.0011584459054754883,0.004953235110226753,-0.0011680510246247962,0.9967635063456527,0.0032364936543474014,PRE-PAPER-FINAL-R6-DRFIX
all,random_to_bts,50000,bb_dr,0.10081111518041656,0.0,0.000405031428769721,0.10040608375164686,0.1,0.003619921346772527,0.0049436299910774455,-0.0013237086443049185,0.004953235110226753,-0.0013333137634542263,0.9967635063456527,0.0032364936543474014,PRE-PAPER-FINAL-R6-DRFIX
all,random_to_bts,50000,bootstrap_dr,0.06673824404234138,0.0,0.0,0.06673824404234138,0.053846153846153856,0.00356945243931213,0.0049436299910774455,-0.001374177551765316,0.004953235110226753,-0.0013837826709146238,0.9967635063456527,0.0032364936543474014,PRE-PAPER-FINAL-R6-DRFIX
all,random_to_bts,500000,bb_dr,0.5753177305044079,0.0,0.00089175806885862,0.5744259724355493,0.5576923076923077,0.0043421273587109475,0.0049436299910774455,-0.0006015026323664982,0.004953235110226753,-0.000611107751515806,0.9967635063456527,0.0032364936543474014,PRE-PAPER-FINAL-R6-DRFIX
all,random_to_bts,500000,bootstrap_dr,0.5045544060758865,0.0,0.00040534457675391814,0.5041490614991326,0.4461538461538462,0.004232923062831845,0.0049436299910774455,-0.0007107069282456001,0.004953235110226753,-0.000720312047394908,0.9967635063456527,0.0032364936543474014,PRE-PAPER-FINAL-R6-DRFIX
all,random_to_bts,full,bb_dr,0.9685246950320966,0.0,0.0016213783070156728,0.9669033167250809,0.9230769230769231,0.004909881455132256,0.0049436299910774455,-3.374853594518938e-05,0.004953235110226753,-4.335365509449719e-05,0.9967635063456526,0.003236493654347401,PRE-PAPER-FINAL-R6-DRFIX
all,random_to_bts,full,bootstrap_dr,0.9669033167250809,0.0,0.0,0.9669033167250809,0.9230769230769231,0.004905162545862656,0.0049436299910774455,-3.8467445214789876e-05,0.004953235110226753,-4.807256436409769e-05,0.9967635063456526,0.003236493654347401,PRE-PAPER-FINAL-R6-DRFIX
men,bts_to_random,10000,bb_dr,0.03414100356700242,0.015274041230264568,0.01886696233673785,0.0,0.9142857142857143,0.006692860967478337,0.006733597705286203,-4.0736737807866e-05,0.006748229787343548,-5.5368819865210094e-05,0.8588493330826346,0.14115066691736555,PRE-PAPER-FINAL-R6-DRFIX
men,bts_to_random,10000,bootstrap_dr,0.011027741861702888,0.004516331159877146,0.006511410701825743,0.0,0.9714285714285715,0.006723584132299706,0.006733597705286203,-1.0013572986496133e-05,0.006748229787343548,-2.4645655043840227e-05,0.8588493330826346,0.14115066691736555,PRE-PAPER-FINAL-R6-DRFIX
men,bts_to_random,100000,bb_dr,0.0008135853023767209,0.0008135853023767209,0.0,0.0,0.9928571428571429,0.006731391148730163,0.006733597705286203,-2.2065565560389683e-06,0.006748229787343548,-1.683863861338306e-05,0.8588493330826346,0.14115066691736555,PRE-PAPER-FINAL-R6-DRFIX
men,bts_to_random,100000,bootstrap_dr,0.0,0.0,0.0,0.0,1.0,0.006733597705286203,0.006733597705286203,0.0,0.006748229787343548,-1.4632082057344092e-05,0.8588493330826346,0.14115066691736555,PRE-PAPER-FINAL-R6-DRFIX
men,bts_to_random,250000,bb_dr,0.004166576671226689,0.0008135853023767209,0.0033529913688499675,0.0,0.9928571428571429,0.006728179485473965,0.006733597705286203,-5.418219812237989e-06,0.006748229787343548,-2.0050301869582082e-05,0.8588493330826346,0.14115066691736555,PRE-PAPER-FINAL-R6-DRFIX
men,bts_to_random,250000,bootstrap_dr,0.0016764956844249838,0.0,0.0016764956844249838,0.0,1.0,0.006731991873658104,0.006733597705286203,-1.6058316280995102e-06,0.006748229787343548,-1.6237913685443603e-05,0.8588493330826346,0.14115066691736555,PRE-PAPER-FINAL-R6-DRFIX
men,bts_to_random,50000,bb_dr,0.007870425209696953,0.0016758022458769396,0.006194622963820014,0.0,0.9928571428571429,0.006727361889286826,0.006733597705286203,-6.235815999376193e-06,0.006748229787343548,-2.0867898056720286e-05,0.8588493330826346,0.14115066691736555,PRE-PAPER-FINAL-R6-DRFIX
men,bts_to_random,50000,bootstrap_dr,0.0008138808663480183,0.0,0.0008138808663480183,0.0,1.0,0.00673432930938907,0.006733597705286203,7.316041028672046e-07,0.006748229787343548,-1.3900477954476888e-05,0.8588493330826346,0.14115066691736555,PRE-PAPER-FINAL-R6-DRFIX
men,bts_to_random,500000,bb_dr,0.004566076849815534,0.0016758022458769396,0.0028902746039385944,0.0,0.9928571428571429,0.006729038399301722,0.006733597705286203,-4.559305984481142e-06,0.006748229787343548,-1.9191388041825234e-05,0.8588493330826346,0.14115066691736555,PRE-PAPER-FINAL-R6-DRFIX
men,bts_to_random,500000,bootstrap_dr,0.0037521959834675156,0.0016758022458769396,0.002076393737590576,0.0,0.9928571428571429,0.0067283067951988546,0.006733597705286203,-5.290910087348347e-06,0.006748229787343548,-1.992299214469244e-05,0.8588493330826346,0.14115066691736555,PRE-PAPER-FINAL-R6-DRFIX
men,bts_to_random,full,bb_dr,0.0,0.0,0.0,0.0,1.0,0.006733597705286203,0.006733597705286203,0.0,0.006748229787343547,-1.4632082057344092e-05,0.8588493330826346,0.14115066691736555,PRE-PAPER-FINAL-R6-DRFIX
men,bts_to_random,full,bootstrap_dr,0.0,0.0,0.0,0.0,1.0,0.006733597705286203,0.006733597705286203,0.0,0.006748229787343547,-1.4632082057344092e-05,0.8588493330826346,0.14115066691736555,PRE-PAPER-FINAL-R6-DRFIX
men,random_to_bts,10000,bb_dr,0.11249772927295128,0.0,0.03095466480658407,0.08154306446636721,0.15,0.0046875306160084045,0.006623510967632073,-0.0019359803516236702,0.006748229787343548,-0.0020606991713351423,0.8588493330826346,0.14115066691736555,PRE-PAPER-FINAL-R6-DRFIX
men,random_to_bts,10000,bootstrap_dr,0.06679418357387315,0.0,0.010630117377547276,0.05616406619632587,0.08571428571428572,0.0046103886543948855,0.006623510967632073,-0.002013122313237189,0.006748229787343548,-0.0021378411329486613,0.8588493330826346,0.14115066691736555,PRE-PAPER-FINAL-R6-DRFIX
men,random_to_bts,100000,bb_dr,0.2223180127369883,0.0,0.01839576515941925,0.20392224757756905,0.16428571428571428,0.005014802007828386,0.006623510967632073,-0.0016087089598036883,0.006748229787343548,-0.001733427779515161,0.8588493330826346,0.14115066691736555,PRE-PAPER-FINAL-R6-DRFIX
men,random_to_bts,100000,bootstrap_dr,0.1865421084305985,0.0,0.015091121235566532,0.171450987195032,0.10714285714285714,0.004947734192152475,0.006623510967632073,-0.0016757767754796,0.006748229787343548,-0.0018004955951910723,0.8588493330826346,0.14115066691736555,PRE-PAPER-FINAL-R6-DRFIX
men,random_to_bts,250000,bb_dr,0.28210175994703496,0.0,0.025151868725944222,0.2569498912210907,0.16428571428571428,0.0052043536443302785,0.006623510967632073,-0.001419157323301796,0.006748229787343548,-0.0015438761430132686,0.8588493330826346,0.14115066691736555,PRE-PAPER-FINAL-R6-DRFIX
men,random_to_bts,250000,bootstrap_dr,0.2879557113303994,0.0,0.02179828622915166,0.26615742510124774,0.15714285714285714,0.005230979338378712,0.006623510967632073,-0.0013925316292533615,0.006748229787343548,-0.001517250448964834,0.8588493330826346,0.14115066691736555,PRE-PAPER-FINAL-R6-DRFIX
men,random_to_bts,50000,bb_dr,0.11044102464298715,0.0,0.017883609636385835,0.0925574150066013,0.09285714285714285,0.0047179680844688125,0.006623510967632073,-0.0019055428831632614,0.006748229787343548,-0.002030261702874734,0.8588493330826346,0.14115066691736555,PRE-PAPER-FINAL-R6-DRFIX
men,random_to_bts,50000,bootstrap_dr,0.07304538430250654,0.0,0.010874719299486106,0.062170665003020445,0.04285714285714286,0.004628155108720047,0.006623510967632073,-0.0019953558589120264,0.006748229787343548,-0.0021200746786234994,0.8588493330826346,0.14115066691736555,PRE-PAPER-FINAL-R6-DRFIX
men,random_to_bts,full,bb_dr,0.2754819909461935,0.0,0.03353582496792563,0.24194616597826787,0.14285714285714285,0.005221482126838548,0.006623510967632074,-0.0014020288407935264,0.006748229787343547,-0.001526747660504999,0.8588493330826346,0.14115066691736555,PRE-PAPER-FINAL-R6-DRFIX
men,random_to_bts,full,bootstrap_dr,0.2754819909461935,0.0,0.03353582496792563,0.24194616597826787,0.14285714285714285,0.005221482126838548,0.006623510967632074,-0.0014020288407935264,0.006748229787343547,-0.001526747660504999,0.8588493330826346,0.14115066691736555,PRE-PAPER-FINAL-R6-DRFIX
women,bts_to_random,10000,bb_dr,0.016815222296339312,0.01557631150299107,0.0012389107933482428,0.0,0.9583333333333334,0.006353638942759987,0.00637650389204141,-2.2864949281422698e-05,0.00637650389204141,-2.2864949281422698e-05,0.9893808493186353,0.010619150681364774,PRE-PAPER-FINAL-R6-DRFIX
women,bts_to_random,10000,bootstrap_dr,0.0038233293834957173,0.0031153761242157137,0.000707953259280004,0.0,0.9916666666666666,0.0063720696777273215,0.00637650389204141,-4.434214314089427e-06,0.00637650389204141,-4.434214314089427e-06,0.9893808493186353,0.010619150681364774,PRE-PAPER-FINAL-R6-DRFIX
women,bts_to_random,100000,bb_dr,0.0008849489844917693,0.0,0.0008849489844917693,0.0,1.0,0.0063747927430390025,0.00637650389204141,-1.7111490024072743e-06,0.00637650389204141,-1.7111490024072743e-06,0.9893808493186353,0.010619150681364774,PRE-PAPER-FINAL-R6-DRFIX
women,bts_to_random,100000,bootstrap_dr,0.0003539618088564734,0.0,0.0003539618088564734,0.0,1.0,0.0063761616728298205,0.00637650389204141,-3.4221921158981636e-07,0.00637650389204141,-3.4221921158981636e-07,0.9893808493186353,0.010619150681364774,PRE-PAPER-FINAL-R6-DRFIX
women,bts_to_random,250000,bb_dr,0.0,0.0,0.0,0.0,1.0,0.00637650389204141,0.00637650389204141,0.0,0.00637650389204141,0.0,0.9893808493186353,0.010619150681364774,PRE-PAPER-FINAL-R6-DRFIX
women,bts_to_random,250000,bootstrap_dr,0.0,0.0,0.0,0.0,1.0,0.00637650389204141,0.00637650389204141,0.0,0.00637650389204141,0.0,0.9893808493186353,0.010619150681364774,PRE-PAPER-FINAL-R6-DRFIX
women,bts_to_random,50000,bb_dr,0.0019468640526282468,0.0,0.0019468640526282468,0.0,1.0,0.006373590289783385,0.00637650389204141,-2.9136022580257027e-06,0.00637650389204141,-2.9136022580257027e-06,0.9893808493186353,0.010619150681364774,PRE-PAPER-FINAL-R6-DRFIX
women,bts_to_random,50000,bootstrap_dr,0.00035399145042353057,0.0,0.00035399145042353057,0.0,1.0,0.006375788574694919,0.00637650389204141,-7.153173464918839e-07,0.00637650389204141,-7.153173464918839e-07,0.9893808493186353,0.010619150681364774,PRE-PAPER-FINAL-R6-DRFIX
women,bts_to_random,500000,bb_dr,0.0,0.0,0.0,0.0,1.0,0.00637650389204141,0.00637650389204141,0.0,0.00637650389204141,0.0,0.9893808493186353,0.010619150681364774,PRE-PAPER-FINAL-R6-DRFIX
women,bts_to_random,500000,bootstrap_dr,0.0,0.0,0.0,0.0,1.0,0.00637650389204141,0.00637650389204141,0.0,0.00637650389204141,0.0,0.9893808493186353,0.010619150681364774,PRE-PAPER-FINAL-R6-DRFIX
women,bts_to_random,full,bb_dr,0.0,0.0,0.0,0.0,1.0,0.00637650389204141,0.00637650389204141,0.0,0.00637650389204141,0.0,0.9893808493186353,0.010619150681364774,PRE-PAPER-FINAL-R6-DRFIX
women,bts_to_random,full,bootstrap_dr,0.0,0.0,0.0,0.0,1.0,0.00637650389204141,0.00637650389204141,0.0,0.00637650389204141,0.0,0.9893808493186353,0.010619150681364774,PRE-PAPER-FINAL-R6-DRFIX
women,random_to_bts,10000,bb_dr,0.1329441889604845,0.0,0.0019468344110611896,0.13099735454942327,0.15833333333333333,0.0047485265654126935,0.006360533309204162,-0.001612006743791468,0.00637650389204141,-0.0016279773266287157,0.9893808493186353,0.010619150681364774,PRE-PAPER-FINAL-R6-DRFIX
women,random_to_bts,10000,bootstrap_dr,0.043235474268629906,0.0,0.0,0.043235474268629906,0.03333333333333333,0.004595620815496913,0.006360533309204162,-0.0017649124937072496,0.00637650389204141,-0.0017808830765444973,0.9893808493186353,0.010619150681364774,PRE-PAPER-FINAL-R6-DRFIX
women,random_to_bts,100000,bb_dr,0.2585917801326093,0.0,0.0031857155628423747,0.2554060645697669,0.21666666666666665,0.004967904848985476,0.006360533309204162,-0.0013926284602186858,0.00637650389204141,-0.0014085990430559336,0.9893808493186353,0.010619150681364774,PRE-PAPER-FINAL-R6-DRFIX
women,random_to_bts,100000,bootstrap_dr,0.18559285268307166,0.0,0.00017699572521176528,0.1854158569578599,0.16666666666666666,0.004835901504051914,0.006360533309204162,-0.0015246318051522479,0.00637650389204141,-0.0015406023879894956,0.9893808493186353,0.010619150681364774,PRE-PAPER-FINAL-R6-DRFIX
women,random_to_bts,250000,bb_dr,0.4614700592902481,0.0,0.0010619150681364774,0.4604081442221116,0.4083333333333333,0.005324652280239076,0.006360533309204162,-0.0010358810289650858,0.00637650389204141,-0.0010518516118023335,0.9893808493186353,0.010619150681364774,PRE-PAPER-FINAL-R6-DRFIX
women,random_to_bts,250000,bootstrap_dr,0.4545328062193225,0.0,0.00035399145042353057,0.45417881476889893,0.39166666666666666,0.005314308886416356,0.006360533309204162,-0.0010462244227878057,0.00637650389204141,-0.0010621950056250535,0.9893808493186353,0.010619150681364774,PRE-PAPER-FINAL-R6-DRFIX
women,random_to_bts,50000,bb_dr,0.15783979136130913,0.0,0.002300796219917663,0.15553899514139147,0.14166666666666666,0.004803217356399988,0.006360533309204162,-0.0015573159528041746,0.00637650389204141,-0.0015732865356414224,0.9893808493186353,0.010619150681364774,PRE-PAPER-FINAL-R6-DRFIX
women,random_to_bts,50000,bootstrap_dr,0.12347383870861414,0.0,0.0,0.12347383870861414,0.08333333333333333,0.00474882180438268,0.006360533309204162,-0.0016117115048214826,0.00637650389204141,-0.0016276820876587304,0.9893808493186353,0.010619150681364774,PRE-PAPER-FINAL-R6-DRFIX
women,random_to_bts,500000,bb_dr,0.7520861557045434,0.0,0.00017699572521176528,0.7519091599793316,0.6666666666666666,0.005883807482929889,0.006360533309204162,-0.00047672582627427296,0.00637650389204141,-0.0004926964091115207,0.9893808493186353,0.010619150681364774,PRE-PAPER-FINAL-R6-DRFIX
women,random_to_bts,500000,bootstrap_dr,0.7662004858371407,0.0,0.0,0.7662004858371407,0.65,0.005931545646305674,0.006360533309204162,-0.000428987662898489,0.00637650389204141,-0.0004449582457357368,0.9893808493186353,0.010619150681364774,PRE-PAPER-FINAL-R6-DRFIX
women,random_to_bts,full,bb_dr,0.9270719040391022,0.0,0.0,0.9270719040391022,0.8333333333333334,0.006263313267796434,0.006360533309204162,-9.722004140772823e-05,0.00637650389204141,-0.00011319062424497602,0.9893808493186353,0.010619150681364774,PRE-PAPER-FINAL-R6-DRFIX
women,random_to_bts,full,bootstrap_dr,0.9270719040391022,0.0,0.0,0.9270719040391022,0.8333333333333334,0.006263313267796434,0.006360533309204162,-9.722004140772823e-05,0.00637650389204141,-0.00011319062424497602,0.9893808493186353,0.010619150681364774,PRE-PAPER-FINAL-R6-DRFIX
