scenario,level,method,nominal,empirical
S0_clean,base,bb_dm,0.5,0.112125
S0_clean,base,bb_dm,0.6,0.135875
S0_clean,base,bb_dm,0.7,0.1625
S0_clean,base,bb_dm,0.8,0.19425
S0_clean,base,bb_dm,0.9,0.23475
S0_clean,base,bb_dm,0.95,0.2625
S0_clean,base,bb_dm,0.975,0.282875
S0_clean,base,bb_dm,0.99,0.303375
S0_clean,base,bb_dr,0.5,0.506125
S0_clean,base,bb_dr,0.6,0.6
S0_clean,base,bb_dr,0.7,0.697125
S0_clean,base,bb_dr,0.8,0.79775
S0_clean,base,bb_dr,0.9,0.899
S0_clean,base,bb_dr,0.95,0.94925
S0_clean,base,bb_dr,0.975,0.97325
S0_clean,base,bb_dr,0.99,0.98725
S0_clean,base,bootstrap_dr,0.5,0.5075
S0_clean,base,bootstrap_dr,0.6,0.5995
S0_clean,base,bootstrap_dr,0.7,0.6975
S0_clean,base,bootstrap_dr,0.8,0.796875
S0_clean,base,bootstrap_dr,0.9,0.8985
S0_clean,base,bootstrap_dr,0.95,0.951
S0_clean,base,bootstrap_dr,0.975,0.973125
S0_clean,base,bootstrap_dr,0.99,0.988625
S0_clean,base,bootstrap_snips,0.5,0.497125
S0_clean,base,bootstrap_snips,0.6,0.595375
S0_clean,base,bootstrap_snips,0.7,0.695625
S0_clean,base,bootstrap_snips,0.8,0.795125
S0_clean,base,bootstrap_snips,0.9,0.8985
S0_clean,base,bootstrap_snips,0.95,0.948
S0_clean,base,bootstrap_snips,0.975,0.974
S0_clean,base,bootstrap_snips,0.99,0.987625
S1_overlap,good,bb_dm,0.5,0.1190625
S1_overlap,good,bb_dm,0.6,0.149375
S1_overlap,good,bb_dm,0.7,0.179375
S1_overlap,good,bb_dm,0.8,0.2075
S1_overlap,good,bb_dm,0.9,0.243125
S1_overlap,good,bb_dm,0.95,0.2646875
S1_overlap,good,bb_dm,0.975,0.2834375
S1_overlap,good,bb_dm,0.99,0.298125
S1_overlap,good,bb_dr,0.5,0.499375
S1_overlap,good,bb_dr,0.6,0.593125
S1_overlap,good,bb_dr,0.7,0.69375
S1_overlap,good,bb_dr,0.8,0.7921875
S1_overlap,good,bb_dr,0.9,0.8859375
S1_overlap,good,bb_dr,0.95,0.94
S1_overlap,good,bb_dr,0.975,0.968125
S1_overlap,good,bb_dr,0.99,0.985625
S1_overlap,good,bootstrap_dr,0.5,0.503125
S1_overlap,good,bootstrap_dr,0.6,0.595625
S1_overlap,good,bootstrap_dr,0.7,0.6953125
S1_overlap,good,bootstrap_dr,0.8,0.7975
S1_overlap,good,bootstrap_dr,0.9,0.8865625
S1_overlap,good,bootstrap_dr,0.95,0.9403125
S1_overlap,good,bootstrap_dr,0.975,0.969375
S1_overlap,good,bootstrap_dr,0.99,0.9853125
S1_overlap,good,bootstrap_snips,0.5,0.506875
S1_overlap,good,bootstrap_snips,0.6,0.6015625
S1_overlap,good,bootstrap_snips,0.7,0.6971875
S1_overlap,good,bootstrap_snips,0.8,0.795625
S1_overlap,good,bootstrap_snips,0.9,0.896875
S1_overlap,good,bootstrap_snips,0.95,0.948125
S1_overlap,good,bootstrap_snips,0.975,0.9715625
S1_overlap,good,bootstrap_snips,0.99,0.9875
S1_overlap,moderate,bb_dm,0.5,0.109375
S1_overlap,moderate,bb_dm,0.6,0.1303125
S1_overlap,moderate,bb_dm,0.7,0.1603125
S1_overlap,moderate,bb_dm,0.8,0.1925
S1_overlap,moderate,bb_dm,0.9,0.2334375
S1_overlap,moderate,bb_dm,0.95,0.2590625
S1_overlap,moderate,bb_dm,0.975,0.2759375
S1_overlap,moderate,bb_dm,0.99,0.299375
S1_overlap,moderate,bb_dr,0.5,0.479375
S1_overlap,moderate,bb_dr,0.6,0.5803125
S1_overlap,moderate,bb_dr,0.7,0.678125
S1_overlap,moderate,bb_dr,0.8,0.784375
S1_overlap,moderate,bb_dr,0.9,0.891875
S1_overlap,moderate,bb_dr,0.95,0.945
S1_overlap,moderate,bb_dr,0.975,0.9728125
S1_overlap,moderate,bb_dr,0.99,0.986875
S1_overlap,moderate,bootstrap_dr,0.5,0.4875
S1_overlap,moderate,bootstrap_dr,0.6,0.5815625
S1_overlap,moderate,bootstrap_dr,0.7,0.6809375
S1_overlap,moderate,bootstrap_dr,0.8,0.7865625
S1_overlap,moderate,bootstrap_dr,0.9,0.89
S1_overlap,moderate,bootstrap_dr,0.95,0.9471875
S1_overlap,moderate,bootstrap_dr,0.975,0.9721875
S1_overlap,moderate,bootstrap_dr,0.99,0.9890625
S1_overlap,moderate,bootstrap_snips,0.5,0.4996875
S1_overlap,moderate,bootstrap_snips,0.6,0.599375
S1_overlap,moderate,bootstrap_snips,0.7,0.6990625
S1_overlap,moderate,bootstrap_snips,0.8,0.7915625
S1_overlap,moderate,bootstrap_snips,0.9,0.898125
S1_overlap,moderate,bootstrap_snips,0.95,0.94875
S1_overlap,moderate,bootstrap_snips,0.975,0.971875
S1_overlap,moderate,bootstrap_snips,0.99,0.9871875
S1_overlap,poor,bb_dm,0.5,0.105
S1_overlap,poor,bb_dm,0.6,0.129375
S1_overlap,poor,bb_dm,0.7,0.1571875
S1_overlap,poor,bb_dm,0.8,0.19125
S1_overlap,poor,bb_dm,0.9,0.2271875
S1_overlap,poor,bb_dm,0.95,0.250625
S1_overlap,poor,bb_dm,0.975,0.273125
S1_overlap,poor,bb_dm,0.99,0.294375
S1_overlap,poor,bb_dr,0.5,0.5053125
S1_overlap,poor,bb_dr,0.6,0.601875
S1_overlap,poor,bb_dr,0.7,0.698125
S1_overlap,poor,bb_dr,0.8,0.8025
S1_overlap,poor,bb_dr,0.9,0.90625
S1_overlap,poor,bb_dr,0.95,0.950625
S1_overlap,poor,bb_dr,0.975,0.974375
S1_overlap,poor,bb_dr,0.99,0.98875
S1_overlap,poor,bootstrap_dr,0.5,0.5053125
S1_overlap,poor,bootstrap_dr,0.6,0.6021875
S1_overlap,poor,bootstrap_dr,0.7,0.700625
S1_overlap,poor,bootstrap_dr,0.8,0.804375
S1_overlap,poor,bootstrap_dr,0.9,0.9021875
S1_overlap,poor,bootstrap_dr,0.95,0.9496875
S1_overlap,poor,bootstrap_dr,0.975,0.973125
S1_overlap,poor,bootstrap_dr,0.99,0.9871875
S1_overlap,poor,bootstrap_snips,0.5,0.4965625
S1_overlap,poor,bootstrap_snips,0.6,0.6025
S1_overlap,poor,bootstrap_snips,0.7,0.7028125
S1_overlap,poor,bootstrap_snips,0.8,0.8140625
S1_overlap,poor,bootstrap_snips,0.9,0.906875
S1_overlap,poor,bootstrap_snips,0.95,0.9528125
S1_overlap,poor,bootstrap_snips,0.975,0.9784375
S1_overlap,poor,bootstrap_snips,0.99,0.99
S1_overlap,severe,bb_dm,0.5,0.10625
S1_overlap,severe,bb_dm,0.6,0.13425
S1_overlap,severe,bb_dm,0.7,0.159125
S1_overlap,severe,bb_dm,0.8,0.190125
S1_overlap,severe,bb_dm,0.9,0.22975
S1_overlap,severe,bb_dm,0.95,0.2595
S1_overlap,severe,bb_dm,0.975,0.281375
S1_overlap,severe,bb_dm,0.99,0.30275
S1_overlap,severe,bb_dr,0.5,0.4755
S1_overlap,severe,bb_dr,0.6,0.573125
S1_overlap,severe,bb_dr,0.7,0.674875
S1_overlap,severe,bb_dr,0.8,0.77225
S1_overlap,severe,bb_dr,0.9,0.88125
S1_overlap,severe,bb_dr,0.95,0.93925
S1_overlap,severe,bb_dr,0.975,0.96775
S1_overlap,severe,bb_dr,0.99,0.983
S1_overlap,severe,bootstrap_dr,0.5,0.480625
S1_overlap,severe,bootstrap_dr,0.6,0.578875
S1_overlap,severe,bootstrap_dr,0.7,0.680375
S1_overlap,severe,bootstrap_dr,0.8,0.779375
S1_overlap,severe,bootstrap_dr,0.9,0.8865
S1_overlap,severe,bootstrap_dr,0.95,0.9425
S1_overlap,severe,bootstrap_dr,0.975,0.96925
S1_overlap,severe,bootstrap_dr,0.99,0.984875
S1_overlap,severe,bootstrap_snips,0.5,0.487625
S1_overlap,severe,bootstrap_snips,0.6,0.5875
S1_overlap,severe,bootstrap_snips,0.7,0.686625
S1_overlap,severe,bootstrap_snips,0.8,0.79025
S1_overlap,severe,bootstrap_snips,0.9,0.89125
S1_overlap,severe,bootstrap_snips,0.95,0.9445
S1_overlap,severe,bootstrap_snips,0.975,0.96775
S1_overlap,severe,bootstrap_snips,0.99,0.984375
S2_rare_heterogeneous,balanced,bb_dm,0.5,0.1225
S2_rare_heterogeneous,balanced,bb_dm,0.6,0.150625
S2_rare_heterogeneous,balanced,bb_dm,0.7,0.18375
S2_rare_heterogeneous,balanced,bb_dm,0.8,0.210625
S2_rare_heterogeneous,balanced,bb_dm,0.9,0.2440625
S2_rare_heterogeneous,balanced,bb_dm,0.95,0.2721875
S2_rare_heterogeneous,balanced,bb_dm,0.975,0.289375
S2_rare_heterogeneous,balanced,bb_dm,0.99,0.3059375
S2_rare_heterogeneous,balanced,bb_dr,0.5,0.4934375
S2_rare_heterogeneous,balanced,bb_dr,0.6,0.598125
S2_rare_heterogeneous,balanced,bb_dr,0.7,0.6990625
S2_rare_heterogeneous,balanced,bb_dr,0.8,0.7871875
S2_rare_heterogeneous,balanced,bb_dr,0.9,0.8884375
S2_rare_heterogeneous,balanced,bb_dr,0.95,0.9434375
S2_rare_heterogeneous,balanced,bb_dr,0.975,0.9684375
S2_rare_heterogeneous,balanced,bb_dr,0.99,0.98625
S2_rare_heterogeneous,balanced,bb_dr_complete_pool,0.5,0.0
S2_rare_heterogeneous,balanced,bb_dr_complete_pool,0.6,0.0
S2_rare_heterogeneous,balanced,bb_dr_complete_pool,0.7,0.0
S2_rare_heterogeneous,balanced,bb_dr_complete_pool,0.8,0.0
S2_rare_heterogeneous,balanced,bb_dr_complete_pool,0.9,0.0
S2_rare_heterogeneous,balanced,bb_dr_complete_pool,0.95,0.0
S2_rare_heterogeneous,balanced,bb_dr_complete_pool,0.975,0.0
S2_rare_heterogeneous,balanced,bb_dr_complete_pool,0.99,0.0
S2_rare_heterogeneous,balanced,bb_dr_independent,0.5,0.49125
S2_rare_heterogeneous,balanced,bb_dr_independent,0.6,0.5966666666666667
S2_rare_heterogeneous,balanced,bb_dr_independent,0.7,0.7
S2_rare_heterogeneous,balanced,bb_dr_independent,0.8,0.7870833333333334
S2_rare_heterogeneous,balanced,bb_dr_independent,0.9,0.88625
S2_rare_heterogeneous,balanced,bb_dr_independent,0.95,0.9441666666666667
S2_rare_heterogeneous,balanced,bb_dr_independent,0.975,0.9704166666666667
S2_rare_heterogeneous,balanced,bb_dr_independent,0.99,0.9870833333333333
S2_rare_heterogeneous,balanced,bootstrap_dr,0.5,0.495625
S2_rare_heterogeneous,balanced,bootstrap_dr,0.6,0.5996875
S2_rare_heterogeneous,balanced,bootstrap_dr,0.7,0.6996875
S2_rare_heterogeneous,balanced,bootstrap_dr,0.8,0.79125
S2_rare_heterogeneous,balanced,bootstrap_dr,0.9,0.8903125
S2_rare_heterogeneous,balanced,bootstrap_dr,0.95,0.943125
S2_rare_heterogeneous,balanced,bootstrap_dr,0.975,0.968125
S2_rare_heterogeneous,balanced,bootstrap_dr,0.99,0.986875
S2_rare_heterogeneous,balanced,bootstrap_snips,0.5,0.4915625
S2_rare_heterogeneous,balanced,bootstrap_snips,0.6,0.58625
S2_rare_heterogeneous,balanced,bootstrap_snips,0.7,0.695
S2_rare_heterogeneous,balanced,bootstrap_snips,0.8,0.791875
S2_rare_heterogeneous,balanced,bootstrap_snips,0.9,0.896875
S2_rare_heterogeneous,balanced,bootstrap_snips,0.95,0.94875
S2_rare_heterogeneous,balanced,bootstrap_snips,0.975,0.97375
S2_rare_heterogeneous,balanced,bootstrap_snips,0.99,0.98875
S2_rare_heterogeneous,balanced,hier_eb_dr,0.5,0.48583333333333334
S2_rare_heterogeneous,balanced,hier_eb_dr,0.6,0.5966666666666667
S2_rare_heterogeneous,balanced,hier_eb_dr,0.7,0.6975
S2_rare_heterogeneous,balanced,hier_eb_dr,0.8,0.7895833333333333
S2_rare_heterogeneous,balanced,hier_eb_dr,0.9,0.8904166666666666
S2_rare_heterogeneous,balanced,hier_eb_dr,0.95,0.9416666666666667
S2_rare_heterogeneous,balanced,hier_eb_dr,0.975,0.9683333333333334
S2_rare_heterogeneous,balanced,hier_eb_dr,0.99,0.9870833333333333
S2_rare_heterogeneous,mild,bb_dm,0.5,0.020625
S2_rare_heterogeneous,mild,bb_dm,0.6,0.0284375
S2_rare_heterogeneous,mild,bb_dm,0.7,0.0365625
S2_rare_heterogeneous,mild,bb_dm,0.8,0.04375
S2_rare_heterogeneous,mild,bb_dm,0.9,0.06
S2_rare_heterogeneous,mild,bb_dm,0.95,0.07625
S2_rare_heterogeneous,mild,bb_dm,0.975,0.09
S2_rare_heterogeneous,mild,bb_dm,0.99,0.1121875
S2_rare_heterogeneous,mild,bb_dr,0.5,0.4871875
S2_rare_heterogeneous,mild,bb_dr,0.6,0.5925
S2_rare_heterogeneous,mild,bb_dr,0.7,0.7009375
S2_rare_heterogeneous,mild,bb_dr,0.8,0.8009375
S2_rare_heterogeneous,mild,bb_dr,0.9,0.9059375
S2_rare_heterogeneous,mild,bb_dr,0.95,0.9546875
S2_rare_heterogeneous,mild,bb_dr,0.975,0.980625
S2_rare_heterogeneous,mild,bb_dr,0.99,0.9928125
S2_rare_heterogeneous,mild,bb_dr_complete_pool,0.5,0.0375
S2_rare_heterogeneous,mild,bb_dr_complete_pool,0.6,0.04833333333333333
S2_rare_heterogeneous,mild,bb_dr_complete_pool,0.7,0.059166666666666666
S2_rare_heterogeneous,mild,bb_dr_complete_pool,0.8,0.07791666666666666
S2_rare_heterogeneous,mild,bb_dr_complete_pool,0.9,0.11041666666666666
S2_rare_heterogeneous,mild,bb_dr_complete_pool,0.95,0.145
S2_rare_heterogeneous,mild,bb_dr_complete_pool,0.975,0.17083333333333334
S2_rare_heterogeneous,mild,bb_dr_complete_pool,0.99,0.20083333333333334
S2_rare_heterogeneous,mild,bb_dr_independent,0.5,0.4870833333333333
S2_rare_heterogeneous,mild,bb_dr_independent,0.6,0.595
S2_rare_heterogeneous,mild,bb_dr_independent,0.7,0.7058333333333333
S2_rare_heterogeneous,mild,bb_dr_independent,0.8,0.80875
S2_rare_heterogeneous,mild,bb_dr_independent,0.9,0.9095833333333333
S2_rare_heterogeneous,mild,bb_dr_independent,0.95,0.9554166666666667
S2_rare_heterogeneous,mild,bb_dr_independent,0.975,0.9816666666666667
S2_rare_heterogeneous,mild,bb_dr_independent,0.99,0.9933333333333333
S2_rare_heterogeneous,mild,bootstrap_dr,0.5,0.490625
S2_rare_heterogeneous,mild,bootstrap_dr,0.6,0.593125
S2_rare_heterogeneous,mild,bootstrap_dr,0.7,0.6996875
S2_rare_heterogeneous,mild,bootstrap_dr,0.8,0.8053125
S2_rare_heterogeneous,mild,bootstrap_dr,0.9,0.9075
S2_rare_heterogeneous,mild,bootstrap_dr,0.95,0.9553125
S2_rare_heterogeneous,mild,bootstrap_dr,0.975,0.9825
S2_rare_heterogeneous,mild,bootstrap_dr,0.99,0.9915625
S2_rare_heterogeneous,mild,bootstrap_snips,0.5,0.49375
S2_rare_heterogeneous,mild,bootstrap_snips,0.6,0.5996875
S2_rare_heterogeneous,mild,bootstrap_snips,0.7,0.698125
S2_rare_heterogeneous,mild,bootstrap_snips,0.8,0.7984375
S2_rare_heterogeneous,mild,bootstrap_snips,0.9,0.9040625
S2_rare_heterogeneous,mild,bootstrap_snips,0.95,0.9553125
S2_rare_heterogeneous,mild,bootstrap_snips,0.975,0.985
S2_rare_heterogeneous,mild,bootstrap_snips,0.99,0.99375
S2_rare_heterogeneous,mild,hier_eb_dr,0.5,0.4845833333333333
S2_rare_heterogeneous,mild,hier_eb_dr,0.6,0.5854166666666667
S2_rare_heterogeneous,mild,hier_eb_dr,0.7,0.6916666666666667
S2_rare_heterogeneous,mild,hier_eb_dr,0.8,0.8066666666666666
S2_rare_heterogeneous,mild,hier_eb_dr,0.9,0.89875
S2_rare_heterogeneous,mild,hier_eb_dr,0.95,0.9516666666666667
S2_rare_heterogeneous,mild,hier_eb_dr,0.975,0.9808333333333333
S2_rare_heterogeneous,mild,hier_eb_dr,0.99,0.9916666666666667
S2_rare_heterogeneous,rare,bb_dm,0.5,0.0246875
S2_rare_heterogeneous,rare,bb_dm,0.6,0.0315625
S2_rare_heterogeneous,rare,bb_dm,0.7,0.0390625
S2_rare_heterogeneous,rare,bb_dm,0.8,0.04875
S2_rare_heterogeneous,rare,bb_dm,0.9,0.0709375
S2_rare_heterogeneous,rare,bb_dm,0.95,0.0890625
S2_rare_heterogeneous,rare,bb_dm,0.975,0.1059375
S2_rare_heterogeneous,rare,bb_dm,0.99,0.1271875
S2_rare_heterogeneous,rare,bb_dr,0.5,0.5190625
S2_rare_heterogeneous,rare,bb_dr,0.6,0.6078125
S2_rare_heterogeneous,rare,bb_dr,0.7,0.7003125
S2_rare_heterogeneous,rare,bb_dr,0.8,0.7984375
S2_rare_heterogeneous,rare,bb_dr,0.9,0.891875
S2_rare_heterogeneous,rare,bb_dr,0.95,0.945
S2_rare_heterogeneous,rare,bb_dr,0.975,0.9659375
S2_rare_heterogeneous,rare,bb_dr,0.99,0.985625
S2_rare_heterogeneous,rare,bb_dr_complete_pool,0.5,0.0
S2_rare_heterogeneous,rare,bb_dr_complete_pool,0.6,0.0
S2_rare_heterogeneous,rare,bb_dr_complete_pool,0.7,0.0
S2_rare_heterogeneous,rare,bb_dr_complete_pool,0.8,0.0
S2_rare_heterogeneous,rare,bb_dr_complete_pool,0.9,0.0004166666666666667
S2_rare_heterogeneous,rare,bb_dr_complete_pool,0.95,0.0020833333333333333
S2_rare_heterogeneous,rare,bb_dr_complete_pool,0.975,0.005416666666666667
S2_rare_heterogeneous,rare,bb_dr_complete_pool,0.99,0.009166666666666667
S2_rare_heterogeneous,rare,bb_dr_independent,0.5,0.5275
S2_rare_heterogeneous,rare,bb_dr_independent,0.6,0.6075
S2_rare_heterogeneous,rare,bb_dr_independent,0.7,0.7054166666666667
S2_rare_heterogeneous,rare,bb_dr_independent,0.8,0.8004166666666667
S2_rare_heterogeneous,rare,bb_dr_independent,0.9,0.8954166666666666
S2_rare_heterogeneous,rare,bb_dr_independent,0.95,0.9470833333333334
S2_rare_heterogeneous,rare,bb_dr_independent,0.975,0.9683333333333334
S2_rare_heterogeneous,rare,bb_dr_independent,0.99,0.98625
S2_rare_heterogeneous,rare,bootstrap_dr,0.5,0.5196875
S2_rare_heterogeneous,rare,bootstrap_dr,0.6,0.6090625
S2_rare_heterogeneous,rare,bootstrap_dr,0.7,0.704375
S2_rare_heterogeneous,rare,bootstrap_dr,0.8,0.798125
S2_rare_heterogeneous,rare,bootstrap_dr,0.9,0.8934375
S2_rare_heterogeneous,rare,bootstrap_dr,0.95,0.943125
S2_rare_heterogeneous,rare,bootstrap_dr,0.975,0.9671875
S2_rare_heterogeneous,rare,bootstrap_dr,0.99,0.9853125
S2_rare_heterogeneous,rare,bootstrap_snips,0.5,0.5
S2_rare_heterogeneous,rare,bootstrap_snips,0.6,0.59875
S2_rare_heterogeneous,rare,bootstrap_snips,0.7,0.705
S2_rare_heterogeneous,rare,bootstrap_snips,0.8,0.8028125
S2_rare_heterogeneous,rare,bootstrap_snips,0.9,0.8990625
S2_rare_heterogeneous,rare,bootstrap_snips,0.95,0.94375
S2_rare_heterogeneous,rare,bootstrap_snips,0.975,0.97
S2_rare_heterogeneous,rare,bootstrap_snips,0.99,0.9840625
S2_rare_heterogeneous,rare,hier_eb_dr,0.5,0.505
S2_rare_heterogeneous,rare,hier_eb_dr,0.6,0.5970833333333333
S2_rare_heterogeneous,rare,hier_eb_dr,0.7,0.6945833333333333
S2_rare_heterogeneous,rare,hier_eb_dr,0.8,0.7845833333333333
S2_rare_heterogeneous,rare,hier_eb_dr,0.9,0.8833333333333333
S2_rare_heterogeneous,rare,hier_eb_dr,0.95,0.9383333333333334
S2_rare_heterogeneous,rare,hier_eb_dr,0.975,0.9645833333333333
S2_rare_heterogeneous,rare,hier_eb_dr,0.99,0.98
S2_rare_heterogeneous,severe,bb_dm,0.5,0.043125
S2_rare_heterogeneous,severe,bb_dm,0.6,0.0545
S2_rare_heterogeneous,severe,bb_dm,0.7,0.069875
S2_rare_heterogeneous,severe,bb_dm,0.8,0.08975
S2_rare_heterogeneous,severe,bb_dm,0.9,0.123375
S2_rare_heterogeneous,severe,bb_dm,0.95,0.155625
S2_rare_heterogeneous,severe,bb_dm,0.975,0.1835
S2_rare_heterogeneous,severe,bb_dm,0.99,0.21675
S2_rare_heterogeneous,severe,bb_dr,0.5,0.499875
S2_rare_heterogeneous,severe,bb_dr,0.6,0.601
S2_rare_heterogeneous,severe,bb_dr,0.7,0.701125
S2_rare_heterogeneous,severe,bb_dr,0.8,0.799625
S2_rare_heterogeneous,severe,bb_dr,0.9,0.897
S2_rare_heterogeneous,severe,bb_dr,0.95,0.946
S2_rare_heterogeneous,severe,bb_dr,0.975,0.971
S2_rare_heterogeneous,severe,bb_dr,0.99,0.98725
S2_rare_heterogeneous,severe,bb_dr_complete_pool,0.5,0.035166666666666666
S2_rare_heterogeneous,severe,bb_dr_complete_pool,0.6,0.04666666666666667
S2_rare_heterogeneous,severe,bb_dr_complete_pool,0.7,0.058333333333333334
S2_rare_heterogeneous,severe,bb_dr_complete_pool,0.8,0.07783333333333334
S2_rare_heterogeneous,severe,bb_dr_complete_pool,0.9,0.106
S2_rare_heterogeneous,severe,bb_dr_complete_pool,0.95,0.133
S2_rare_heterogeneous,severe,bb_dr_complete_pool,0.975,0.159
S2_rare_heterogeneous,severe,bb_dr_complete_pool,0.99,0.1865
S2_rare_heterogeneous,severe,bb_dr_independent,0.5,0.4965
S2_rare_heterogeneous,severe,bb_dr_independent,0.6,0.6005
S2_rare_heterogeneous,severe,bb_dr_independent,0.7,0.6988333333333333
S2_rare_heterogeneous,severe,bb_dr_independent,0.8,0.798
S2_rare_heterogeneous,severe,bb_dr_independent,0.9,0.895
S2_rare_heterogeneous,severe,bb_dr_independent,0.95,0.9438333333333333
S2_rare_heterogeneous,severe,bb_dr_independent,0.975,0.9691666666666666
S2_rare_heterogeneous,severe,bb_dr_independent,0.99,0.986
S2_rare_heterogeneous,severe,bootstrap_dr,0.5,0.50225
S2_rare_heterogeneous,severe,bootstrap_dr,0.6,0.60275
S2_rare_heterogeneous,severe,bootstrap_dr,0.7,0.70275
S2_rare_heterogeneous,severe,bootstrap_dr,0.8,0.80175
S2_rare_heterogeneous,severe,bootstrap_dr,0.9,0.899125
S2_rare_heterogeneous,severe,bootstrap_dr,0.95,0.94525
S2_rare_heterogeneous,severe,bootstrap_dr,0.975,0.971875
S2_rare_heterogeneous,severe,bootstrap_dr,0.99,0.986125
S2_rare_heterogeneous,severe,bootstrap_snips,0.5,0.508
S2_rare_heterogeneous,severe,bootstrap_snips,0.6,0.605375
S2_rare_heterogeneous,severe,bootstrap_snips,0.7,0.705
S2_rare_heterogeneous,severe,bootstrap_snips,0.8,0.79675
S2_rare_heterogeneous,severe,bootstrap_snips,0.9,0.896125
S2_rare_heterogeneous,severe,bootstrap_snips,0.95,0.948125
S2_rare_heterogeneous,severe,bootstrap_snips,0.975,0.96975
S2_rare_heterogeneous,severe,bootstrap_snips,0.99,0.986125
S2_rare_heterogeneous,severe,hier_eb_dr,0.5,0.4485
S2_rare_heterogeneous,severe,hier_eb_dr,0.6,0.547
S2_rare_heterogeneous,severe,hier_eb_dr,0.7,0.6415
S2_rare_heterogeneous,severe,hier_eb_dr,0.8,0.7411666666666666
S2_rare_heterogeneous,severe,hier_eb_dr,0.9,0.8368333333333333
S2_rare_heterogeneous,severe,hier_eb_dr,0.95,0.8966666666666666
S2_rare_heterogeneous,severe,hier_eb_dr,0.975,0.9248333333333333
S2_rare_heterogeneous,severe,hier_eb_dr,0.99,0.9448333333333333
S2_rare_homogeneous,balanced,bb_dm,0.5,0.0165625
S2_rare_homogeneous,balanced,bb_dm,0.6,0.02125
S2_rare_homogeneous,balanced,bb_dm,0.7,0.02625
S2_rare_homogeneous,balanced,bb_dm,0.8,0.0309375
S2_rare_homogeneous,balanced,bb_dm,0.9,0.039375
S2_rare_homogeneous,balanced,bb_dm,0.95,0.048125
S2_rare_homogeneous,balanced,bb_dm,0.975,0.056875
S2_rare_homogeneous,balanced,bb_dm,0.99,0.065
S2_rare_homogeneous,balanced,bb_dr,0.5,0.4978125
S2_rare_homogeneous,balanced,bb_dr,0.6,0.600625
S2_rare_homogeneous,balanced,bb_dr,0.7,0.6996875
S2_rare_homogeneous,balanced,bb_dr,0.8,0.7940625
S2_rare_homogeneous,balanced,bb_dr,0.9,0.89875
S2_rare_homogeneous,balanced,bb_dr,0.95,0.94625
S2_rare_homogeneous,balanced,bb_dr,0.975,0.9709375
S2_rare_homogeneous,balanced,bb_dr,0.99,0.98625
S2_rare_homogeneous,balanced,bb_dr_complete_pool,0.5,0.45875
S2_rare_homogeneous,balanced,bb_dr_complete_pool,0.6,0.5508333333333333
S2_rare_homogeneous,balanced,bb_dr_complete_pool,0.7,0.6454166666666666
S2_rare_homogeneous,balanced,bb_dr_complete_pool,0.8,0.75875
S2_rare_homogeneous,balanced,bb_dr_complete_pool,0.9,0.8654166666666666
S2_rare_homogeneous,balanced,bb_dr_complete_pool,0.95,0.93
S2_rare_homogeneous,balanced,bb_dr_complete_pool,0.975,0.9558333333333333
S2_rare_homogeneous,balanced,bb_dr_complete_pool,0.99,0.9775
S2_rare_homogeneous,balanced,bb_dr_independent,0.5,0.49833333333333335
S2_rare_homogeneous,balanced,bb_dr_independent,0.6,0.6020833333333333
S2_rare_homogeneous,balanced,bb_dr_independent,0.7,0.7041666666666667
S2_rare_homogeneous,balanced,bb_dr_independent,0.8,0.795
S2_rare_homogeneous,balanced,bb_dr_independent,0.9,0.8991666666666667
S2_rare_homogeneous,balanced,bb_dr_independent,0.95,0.9479166666666666
S2_rare_homogeneous,balanced,bb_dr_independent,0.975,0.9704166666666667
S2_rare_homogeneous,balanced,bb_dr_independent,0.99,0.9866666666666667
S2_rare_homogeneous,balanced,bootstrap_dr,0.5,0.4959375
S2_rare_homogeneous,balanced,bootstrap_dr,0.6,0.6021875
S2_rare_homogeneous,balanced,bootstrap_dr,0.7,0.6996875
S2_rare_homogeneous,balanced,bootstrap_dr,0.8,0.79875
S2_rare_homogeneous,balanced,bootstrap_dr,0.9,0.898125
S2_rare_homogeneous,balanced,bootstrap_dr,0.95,0.94875
S2_rare_homogeneous,balanced,bootstrap_dr,0.975,0.9709375
S2_rare_homogeneous,balanced,bootstrap_dr,0.99,0.986875
S2_rare_homogeneous,balanced,bootstrap_snips,0.5,0.4915625
S2_rare_homogeneous,balanced,bootstrap_snips,0.6,0.59375
S2_rare_homogeneous,balanced,bootstrap_snips,0.7,0.695
S2_rare_homogeneous,balanced,bootstrap_snips,0.8,0.795625
S2_rare_homogeneous,balanced,bootstrap_snips,0.9,0.895
S2_rare_homogeneous,balanced,bootstrap_snips,0.95,0.9471875
S2_rare_homogeneous,balanced,bootstrap_snips,0.975,0.975
S2_rare_homogeneous,balanced,bootstrap_snips,0.99,0.98875
S2_rare_homogeneous,balanced,hier_eb_dr,0.5,0.16791666666666666
S2_rare_homogeneous,balanced,hier_eb_dr,0.6,0.20333333333333334
S2_rare_homogeneous,balanced,hier_eb_dr,0.7,0.24833333333333332
S2_rare_homogeneous,balanced,hier_eb_dr,0.8,0.2920833333333333
S2_rare_homogeneous,balanced,hier_eb_dr,0.9,0.3491666666666667
S2_rare_homogeneous,balanced,hier_eb_dr,0.95,0.38916666666666666
S2_rare_homogeneous,balanced,hier_eb_dr,0.975,0.41333333333333333
S2_rare_homogeneous,balanced,hier_eb_dr,0.99,0.43625
S2_rare_homogeneous,mild,bb_dm,0.5,0.0115625
S2_rare_homogeneous,mild,bb_dm,0.6,0.0159375
S2_rare_homogeneous,mild,bb_dm,0.7,0.02
S2_rare_homogeneous,mild,bb_dm,0.8,0.0246875
S2_rare_homogeneous,mild,bb_dm,0.9,0.0321875
S2_rare_homogeneous,mild,bb_dm,0.95,0.04
S2_rare_homogeneous,mild,bb_dm,0.975,0.04875
S2_rare_homogeneous,mild,bb_dm,0.99,0.0603125
S2_rare_homogeneous,mild,bb_dr,0.5,0.4975
S2_rare_homogeneous,mild,bb_dr,0.6,0.5940625
S2_rare_homogeneous,mild,bb_dr,0.7,0.6928125
S2_rare_homogeneous,mild,bb_dr,0.8,0.80125
S2_rare_homogeneous,mild,bb_dr,0.9,0.8996875
S2_rare_homogeneous,mild,bb_dr,0.95,0.9525
S2_rare_homogeneous,mild,bb_dr,0.975,0.975
S2_rare_homogeneous,mild,bb_dr,0.99,0.9884375
S2_rare_homogeneous,mild,bb_dr_complete_pool,0.5,0.4558333333333333
S2_rare_homogeneous,mild,bb_dr_complete_pool,0.6,0.5625
S2_rare_homogeneous,mild,bb_dr_complete_pool,0.7,0.6595833333333333
S2_rare_homogeneous,mild,bb_dr_complete_pool,0.8,0.75375
S2_rare_homogeneous,mild,bb_dr_complete_pool,0.9,0.8641666666666666
S2_rare_homogeneous,mild,bb_dr_complete_pool,0.95,0.9320833333333334
S2_rare_homogeneous,mild,bb_dr_complete_pool,0.975,0.9704166666666667
S2_rare_homogeneous,mild,bb_dr_complete_pool,0.99,0.9841666666666666
S2_rare_homogeneous,mild,bb_dr_independent,0.5,0.49333333333333335
S2_rare_homogeneous,mild,bb_dr_independent,0.6,0.5920833333333333
S2_rare_homogeneous,mild,bb_dr_independent,0.7,0.6941666666666667
S2_rare_homogeneous,mild,bb_dr_independent,0.8,0.8045833333333333
S2_rare_homogeneous,mild,bb_dr_independent,0.9,0.8979166666666667
S2_rare_homogeneous,mild,bb_dr_independent,0.95,0.95
S2_rare_homogeneous,mild,bb_dr_independent,0.975,0.9733333333333334
S2_rare_homogeneous,mild,bb_dr_independent,0.99,0.9866666666666667
S2_rare_homogeneous,mild,bootstrap_dr,0.5,0.494375
S2_rare_homogeneous,mild,bootstrap_dr,0.6,0.593125
S2_rare_homogeneous,mild,bootstrap_dr,0.7,0.694375
S2_rare_homogeneous,mild,bootstrap_dr,0.8,0.798125
S2_rare_homogeneous,mild,bootstrap_dr,0.9,0.8990625
S2_rare_homogeneous,mild,bootstrap_dr,0.95,0.9509375
S2_rare_homogeneous,mild,bootstrap_dr,0.975,0.9759375
S2_rare_homogeneous,mild,bootstrap_dr,0.99,0.9896875
S2_rare_homogeneous,mild,bootstrap_snips,0.5,0.510625
S2_rare_homogeneous,mild,bootstrap_snips,0.6,0.6053125
S2_rare_homogeneous,mild,bootstrap_snips,0.7,0.7
S2_rare_homogeneous,mild,bootstrap_snips,0.8,0.7990625
S2_rare_homogeneous,mild,bootstrap_snips,0.9,0.9003125
S2_rare_homogeneous,mild,bootstrap_snips,0.95,0.9503125
S2_rare_homogeneous,mild,bootstrap_snips,0.975,0.9753125
S2_rare_homogeneous,mild,bootstrap_snips,0.99,0.986875
S2_rare_homogeneous,mild,hier_eb_dr,0.5,0.16875
S2_rare_homogeneous,mild,hier_eb_dr,0.6,0.19666666666666666
S2_rare_homogeneous,mild,hier_eb_dr,0.7,0.23666666666666666
S2_rare_homogeneous,mild,hier_eb_dr,0.8,0.2808333333333333
S2_rare_homogeneous,mild,hier_eb_dr,0.9,0.3425
S2_rare_homogeneous,mild,hier_eb_dr,0.95,0.3779166666666667
S2_rare_homogeneous,mild,hier_eb_dr,0.975,0.40958333333333335
S2_rare_homogeneous,mild,hier_eb_dr,0.99,0.43333333333333335
S2_rare_homogeneous,rare,bb_dm,0.5,0.013125
S2_rare_homogeneous,rare,bb_dm,0.6,0.015625
S2_rare_homogeneous,rare,bb_dm,0.7,0.0221875
S2_rare_homogeneous,rare,bb_dm,0.8,0.0321875
S2_rare_homogeneous,rare,bb_dm,0.9,0.0440625
S2_rare_homogeneous,rare,bb_dm,0.95,0.056875
S2_rare_homogeneous,rare,bb_dm,0.975,0.0715625
S2_rare_homogeneous,rare,bb_dm,0.99,0.0853125
S2_rare_homogeneous,rare,bb_dr,0.5,0.51
S2_rare_homogeneous,rare,bb_dr,0.6,0.6034375
S2_rare_homogeneous,rare,bb_dr,0.7,0.6984375
S2_rare_homogeneous,rare,bb_dr,0.8,0.8028125
S2_rare_homogeneous,rare,bb_dr,0.9,0.8971875
S2_rare_homogeneous,rare,bb_dr,0.95,0.9421875
S2_rare_homogeneous,rare,bb_dr,0.975,0.9709375
S2_rare_homogeneous,rare,bb_dr,0.99,0.9865625
S2_rare_homogeneous,rare,bb_dr_complete_pool,0.5,0.4625
S2_rare_homogeneous,rare,bb_dr_complete_pool,0.6,0.5604166666666667
S2_rare_homogeneous,rare,bb_dr_complete_pool,0.7,0.6491666666666667
S2_rare_homogeneous,rare,bb_dr_complete_pool,0.8,0.7566666666666667
S2_rare_homogeneous,rare,bb_dr_complete_pool,0.9,0.865
S2_rare_homogeneous,rare,bb_dr_complete_pool,0.95,0.9291666666666667
S2_rare_homogeneous,rare,bb_dr_complete_pool,0.975,0.9566666666666667
S2_rare_homogeneous,rare,bb_dr_complete_pool,0.99,0.9783333333333334
S2_rare_homogeneous,rare,bb_dr_independent,0.5,0.50875
S2_rare_homogeneous,rare,bb_dr_independent,0.6,0.60125
S2_rare_homogeneous,rare,bb_dr_independent,0.7,0.6920833333333334
S2_rare_homogeneous,rare,bb_dr_independent,0.8,0.7966666666666666
S2_rare_homogeneous,rare,bb_dr_independent,0.9,0.8945833333333333
S2_rare_homogeneous,rare,bb_dr_independent,0.95,0.9425
S2_rare_homogeneous,rare,bb_dr_independent,0.975,0.9704166666666667
S2_rare_homogeneous,rare,bb_dr_independent,0.99,0.98625
S2_rare_homogeneous,rare,bootstrap_dr,0.5,0.51
S2_rare_homogeneous,rare,bootstrap_dr,0.6,0.6109375
S2_rare_homogeneous,rare,bootstrap_dr,0.7,0.699375
S2_rare_homogeneous,rare,bootstrap_dr,0.8,0.8
S2_rare_homogeneous,rare,bootstrap_dr,0.9,0.900625
S2_rare_homogeneous,rare,bootstrap_dr,0.95,0.941875
S2_rare_homogeneous,rare,bootstrap_dr,0.975,0.974375
S2_rare_homogeneous,rare,bootstrap_dr,0.99,0.9865625
S2_rare_homogeneous,rare,bootstrap_snips,0.5,0.4978125
S2_rare_homogeneous,rare,bootstrap_snips,0.6,0.6028125
S2_rare_homogeneous,rare,bootstrap_snips,0.7,0.6921875
S2_rare_homogeneous,rare,bootstrap_snips,0.8,0.7928125
S2_rare_homogeneous,rare,bootstrap_snips,0.9,0.8934375
S2_rare_homogeneous,rare,bootstrap_snips,0.95,0.9421875
S2_rare_homogeneous,rare,bootstrap_snips,0.975,0.97125
S2_rare_homogeneous,rare,bootstrap_snips,0.99,0.9875
S2_rare_homogeneous,rare,hier_eb_dr,0.5,0.15958333333333333
S2_rare_homogeneous,rare,hier_eb_dr,0.6,0.20041666666666666
S2_rare_homogeneous,rare,hier_eb_dr,0.7,0.24125
S2_rare_homogeneous,rare,hier_eb_dr,0.8,0.28583333333333333
S2_rare_homogeneous,rare,hier_eb_dr,0.9,0.34
S2_rare_homogeneous,rare,hier_eb_dr,0.95,0.3695833333333333
S2_rare_homogeneous,rare,hier_eb_dr,0.975,0.39166666666666666
S2_rare_homogeneous,rare,hier_eb_dr,0.99,0.40875
S2_rare_homogeneous,severe,bb_dm,0.5,0.0459375
S2_rare_homogeneous,severe,bb_dm,0.6,0.058125
S2_rare_homogeneous,severe,bb_dm,0.7,0.070625
S2_rare_homogeneous,severe,bb_dm,0.8,0.0859375
S2_rare_homogeneous,severe,bb_dm,0.9,0.118125
S2_rare_homogeneous,severe,bb_dm,0.95,0.1471875
S2_rare_homogeneous,severe,bb_dm,0.975,0.1721875
S2_rare_homogeneous,severe,bb_dm,0.99,0.2053125
S2_rare_homogeneous,severe,bb_dr,0.5,0.4884375
S2_rare_homogeneous,severe,bb_dr,0.6,0.5859375
S2_rare_homogeneous,severe,bb_dr,0.7,0.6871875
S2_rare_homogeneous,severe,bb_dr,0.8,0.7871875
S2_rare_homogeneous,severe,bb_dr,0.9,0.8875
S2_rare_homogeneous,severe,bb_dr,0.95,0.9390625
S2_rare_homogeneous,severe,bb_dr,0.975,0.966875
S2_rare_homogeneous,severe,bb_dr,0.99,0.981875
S2_rare_homogeneous,severe,bb_dr_complete_pool,0.5,0.42041666666666666
S2_rare_homogeneous,severe,bb_dr_complete_pool,0.6,0.50375
S2_rare_homogeneous,severe,bb_dr_complete_pool,0.7,0.59875
S2_rare_homogeneous,severe,bb_dr_complete_pool,0.8,0.7020833333333333
S2_rare_homogeneous,severe,bb_dr_complete_pool,0.9,0.82625
S2_rare_homogeneous,severe,bb_dr_complete_pool,0.95,0.8970833333333333
S2_rare_homogeneous,severe,bb_dr_complete_pool,0.975,0.9320833333333334
S2_rare_homogeneous,severe,bb_dr_complete_pool,0.99,0.9633333333333334
S2_rare_homogeneous,severe,bb_dr_independent,0.5,0.485
S2_rare_homogeneous,severe,bb_dr_independent,0.6,0.5825
S2_rare_homogeneous,severe,bb_dr_independent,0.7,0.6845833333333333
S2_rare_homogeneous,severe,bb_dr_independent,0.8,0.7825
S2_rare_homogeneous,severe,bb_dr_independent,0.9,0.8804166666666666
S2_rare_homogeneous,severe,bb_dr_independent,0.95,0.9341666666666667
S2_rare_homogeneous,severe,bb_dr_independent,0.975,0.9633333333333334
S2_rare_homogeneous,severe,bb_dr_independent,0.99,0.98125
S2_rare_homogeneous,severe,bootstrap_dr,0.5,0.4928125
S2_rare_homogeneous,severe,bootstrap_dr,0.6,0.586875
S2_rare_homogeneous,severe,bootstrap_dr,0.7,0.69125
S2_rare_homogeneous,severe,bootstrap_dr,0.8,0.79
S2_rare_homogeneous,severe,bootstrap_dr,0.9,0.8890625
S2_rare_homogeneous,severe,bootstrap_dr,0.95,0.943125
S2_rare_homogeneous,severe,bootstrap_dr,0.975,0.9646875
S2_rare_homogeneous,severe,bootstrap_dr,0.99,0.981875
S2_rare_homogeneous,severe,bootstrap_snips,0.5,0.4925
S2_rare_homogeneous,severe,bootstrap_snips,0.6,0.5971875
S2_rare_homogeneous,severe,bootstrap_snips,0.7,0.709375
S2_rare_homogeneous,severe,bootstrap_snips,0.8,0.79625
S2_rare_homogeneous,severe,bootstrap_snips,0.9,0.8971875
S2_rare_homogeneous,severe,bootstrap_snips,0.95,0.9465625
S2_rare_homogeneous,severe,bootstrap_snips,0.975,0.9703125
S2_rare_homogeneous,severe,bootstrap_snips,0.99,0.983125
S2_rare_homogeneous,severe,hier_eb_dr,0.5,0.18125
S2_rare_homogeneous,severe,hier_eb_dr,0.6,0.22541666666666665
S2_rare_homogeneous,severe,hier_eb_dr,0.7,0.26458333333333334
S2_rare_homogeneous,severe,hier_eb_dr,0.8,0.3125
S2_rare_homogeneous,severe,hier_eb_dr,0.9,0.35625
S2_rare_homogeneous,severe,hier_eb_dr,0.95,0.3879166666666667
S2_rare_homogeneous,severe,hier_eb_dr,0.975,0.40791666666666665
S2_rare_homogeneous,severe,hier_eb_dr,0.99,0.42916666666666664
S3_shift,composition_medium,bb_dm,0.5,0.00875
S3_shift,composition_medium,bb_dm,0.6,0.0140625
S3_shift,composition_medium,bb_dm,0.7,0.018125
S3_shift,composition_medium,bb_dm,0.8,0.02375
S3_shift,composition_medium,bb_dm,0.9,0.035625
S3_shift,composition_medium,bb_dm,0.95,0.0409375
S3_shift,composition_medium,bb_dm,0.975,0.0490625
S3_shift,composition_medium,bb_dm,0.99,0.0571875
S3_shift,composition_medium,bb_dr,0.5,0.3821875
S3_shift,composition_medium,bb_dr,0.6,0.46
S3_shift,composition_medium,bb_dr,0.7,0.5275
S3_shift,composition_medium,bb_dr,0.8,0.603125
S3_shift,composition_medium,bb_dr,0.9,0.674375
S3_shift,composition_medium,bb_dr,0.95,0.7103125
S3_shift,composition_medium,bb_dr,0.975,0.731875
S3_shift,composition_medium,bb_dr,0.99,0.743125
S3_shift,composition_medium,bootstrap_dr,0.5,0.3865625
S3_shift,composition_medium,bootstrap_dr,0.6,0.4640625
S3_shift,composition_medium,bootstrap_dr,0.7,0.526875
S3_shift,composition_medium,bootstrap_dr,0.8,0.6009375
S3_shift,composition_medium,bootstrap_dr,0.9,0.6734375
S3_shift,composition_medium,bootstrap_dr,0.95,0.7096875
S3_shift,composition_medium,bootstrap_dr,0.975,0.730625
S3_shift,composition_medium,bootstrap_dr,0.99,0.7434375
S3_shift,composition_medium,bootstrap_snips,0.5,0.378125
S3_shift,composition_medium,bootstrap_snips,0.6,0.455625
S3_shift,composition_medium,bootstrap_snips,0.7,0.5296875
S3_shift,composition_medium,bootstrap_snips,0.8,0.6009375
S3_shift,composition_medium,bootstrap_snips,0.9,0.6725
S3_shift,composition_medium,bootstrap_snips,0.95,0.7121875
S3_shift,composition_medium,bootstrap_snips,0.975,0.7303125
S3_shift,composition_medium,bootstrap_snips,0.99,0.7425
S3_shift,composition_mild,bb_dm,0.5,0.0909375
S3_shift,composition_mild,bb_dm,0.6,0.110625
S3_shift,composition_mild,bb_dm,0.7,0.13375
S3_shift,composition_mild,bb_dm,0.8,0.1634375
S3_shift,composition_mild,bb_dm,0.9,0.205
S3_shift,composition_mild,bb_dm,0.95,0.2346875
S3_shift,composition_mild,bb_dm,0.975,0.2609375
S3_shift,composition_mild,bb_dm,0.99,0.2859375
S3_shift,composition_mild,bb_dr,0.5,0.49625
S3_shift,composition_mild,bb_dr,0.6,0.59375
S3_shift,composition_mild,bb_dr,0.7,0.6915625
S3_shift,composition_mild,bb_dr,0.8,0.7928125
S3_shift,composition_mild,bb_dr,0.9,0.889375
S3_shift,composition_mild,bb_dr,0.95,0.9340625
S3_shift,composition_mild,bb_dr,0.975,0.9634375
S3_shift,composition_mild,bb_dr,0.99,0.9796875
S3_shift,composition_mild,bootstrap_dr,0.5,0.4928125
S3_shift,composition_mild,bootstrap_dr,0.6,0.594375
S3_shift,composition_mild,bootstrap_dr,0.7,0.694375
S3_shift,composition_mild,bootstrap_dr,0.8,0.7990625
S3_shift,composition_mild,bootstrap_dr,0.9,0.886875
S3_shift,composition_mild,bootstrap_dr,0.95,0.9365625
S3_shift,composition_mild,bootstrap_dr,0.975,0.96375
S3_shift,composition_mild,bootstrap_dr,0.99,0.9821875
S3_shift,composition_mild,bootstrap_snips,0.5,0.4921875
S3_shift,composition_mild,bootstrap_snips,0.6,0.584375
S3_shift,composition_mild,bootstrap_snips,0.7,0.6875
S3_shift,composition_mild,bootstrap_snips,0.8,0.7878125
S3_shift,composition_mild,bootstrap_snips,0.9,0.8840625
S3_shift,composition_mild,bootstrap_snips,0.95,0.93875
S3_shift,composition_mild,bootstrap_snips,0.975,0.9671875
S3_shift,composition_mild,bootstrap_snips,0.99,0.9853125
S3_shift,composition_severe,bb_dm,0.5,0.0109375
S3_shift,composition_severe,bb_dm,0.6,0.014375
S3_shift,composition_severe,bb_dm,0.7,0.018125
S3_shift,composition_severe,bb_dm,0.8,0.023125
S3_shift,composition_severe,bb_dm,0.9,0.0325
S3_shift,composition_severe,bb_dm,0.95,0.039375
S3_shift,composition_severe,bb_dm,0.975,0.048125
S3_shift,composition_severe,bb_dm,0.99,0.0584375
S3_shift,composition_severe,bb_dr,0.5,0.3690625
S3_shift,composition_severe,bb_dr,0.6,0.4484375
S3_shift,composition_severe,bb_dr,0.7,0.520625
S3_shift,composition_severe,bb_dr,0.8,0.6009375
S3_shift,composition_severe,bb_dr,0.9,0.67625
S3_shift,composition_severe,bb_dr,0.95,0.71
S3_shift,composition_severe,bb_dr,0.975,0.7296875
S3_shift,composition_severe,bb_dr,0.99,0.74125
S3_shift,composition_severe,bootstrap_dr,0.5,0.3703125
S3_shift,composition_severe,bootstrap_dr,0.6,0.4509375
S3_shift,composition_severe,bootstrap_dr,0.7,0.5240625
S3_shift,composition_severe,bootstrap_dr,0.8,0.6
S3_shift,composition_severe,bootstrap_dr,0.9,0.6721875
S3_shift,composition_severe,bootstrap_dr,0.95,0.7096875
S3_shift,composition_severe,bootstrap_dr,0.975,0.7303125
S3_shift,composition_severe,bootstrap_dr,0.99,0.7403125
S3_shift,composition_severe,bootstrap_snips,0.5,0.3740625
S3_shift,composition_severe,bootstrap_snips,0.6,0.450625
S3_shift,composition_severe,bootstrap_snips,0.7,0.53
S3_shift,composition_severe,bootstrap_snips,0.8,0.599375
S3_shift,composition_severe,bootstrap_snips,0.9,0.6690625
S3_shift,composition_severe,bootstrap_snips,0.95,0.7084375
S3_shift,composition_severe,bootstrap_snips,0.975,0.7290625
S3_shift,composition_severe,bootstrap_snips,0.99,0.7409375
S3_shift,mean_0,bb_dm,0.5,0.118125
S3_shift,mean_0,bb_dm,0.6,0.1446875
S3_shift,mean_0,bb_dm,0.7,0.1725
S3_shift,mean_0,bb_dm,0.8,0.2034375
S3_shift,mean_0,bb_dm,0.9,0.2371875
S3_shift,mean_0,bb_dm,0.95,0.261875
S3_shift,mean_0,bb_dm,0.975,0.27875
S3_shift,mean_0,bb_dm,0.99,0.2965625
S3_shift,mean_0,bb_dr,0.5,0.4896875
S3_shift,mean_0,bb_dr,0.6,0.5890625
S3_shift,mean_0,bb_dr,0.7,0.6859375
S3_shift,mean_0,bb_dr,0.8,0.7834375
S3_shift,mean_0,bb_dr,0.9,0.8896875
S3_shift,mean_0,bb_dr,0.95,0.944375
S3_shift,mean_0,bb_dr,0.975,0.9725
S3_shift,mean_0,bb_dr,0.99,0.986875
S3_shift,mean_0,bootstrap_dr,0.5,0.4878125
S3_shift,mean_0,bootstrap_dr,0.6,0.58625
S3_shift,mean_0,bootstrap_dr,0.7,0.686875
S3_shift,mean_0,bootstrap_dr,0.8,0.7846875
S3_shift,mean_0,bootstrap_dr,0.9,0.8859375
S3_shift,mean_0,bootstrap_dr,0.95,0.949375
S3_shift,mean_0,bootstrap_dr,0.975,0.9709375
S3_shift,mean_0,bootstrap_dr,0.99,0.9871875
S3_shift,mean_0,bootstrap_snips,0.5,0.4753125
S3_shift,mean_0,bootstrap_snips,0.6,0.5884375
S3_shift,mean_0,bootstrap_snips,0.7,0.6896875
S3_shift,mean_0,bootstrap_snips,0.8,0.7909375
S3_shift,mean_0,bootstrap_snips,0.9,0.886875
S3_shift,mean_0,bootstrap_snips,0.95,0.9425
S3_shift,mean_0,bootstrap_snips,0.975,0.9721875
S3_shift,mean_0,bootstrap_snips,0.99,0.9840625
S3_shift,mean_025,bb_dm,0.5,0.1265625
S3_shift,mean_025,bb_dm,0.6,0.1578125
S3_shift,mean_025,bb_dm,0.7,0.18875
S3_shift,mean_025,bb_dm,0.8,0.2278125
S3_shift,mean_025,bb_dm,0.9,0.271875
S3_shift,mean_025,bb_dm,0.95,0.2975
S3_shift,mean_025,bb_dm,0.975,0.3184375
S3_shift,mean_025,bb_dm,0.99,0.334375
S3_shift,mean_025,bb_dr,0.5,0.4684375
S3_shift,mean_025,bb_dr,0.6,0.5690625
S3_shift,mean_025,bb_dr,0.7,0.67125
S3_shift,mean_025,bb_dr,0.8,0.7765625
S3_shift,mean_025,bb_dr,0.9,0.883125
S3_shift,mean_025,bb_dr,0.95,0.93625
S3_shift,mean_025,bb_dr,0.975,0.9675
S3_shift,mean_025,bb_dr,0.99,0.98625
S3_shift,mean_025,bootstrap_dr,0.5,0.4690625
S3_shift,mean_025,bootstrap_dr,0.6,0.5678125
S3_shift,mean_025,bootstrap_dr,0.7,0.6759375
S3_shift,mean_025,bootstrap_dr,0.8,0.77625
S3_shift,mean_025,bootstrap_dr,0.9,0.881875
S3_shift,mean_025,bootstrap_dr,0.95,0.9378125
S3_shift,mean_025,bootstrap_dr,0.975,0.9671875
S3_shift,mean_025,bootstrap_dr,0.99,0.9853125
S3_shift,mean_025,bootstrap_snips,0.5,0.47875
S3_shift,mean_025,bootstrap_snips,0.6,0.5721875
S3_shift,mean_025,bootstrap_snips,0.7,0.675
S3_shift,mean_025,bootstrap_snips,0.8,0.7753125
S3_shift,mean_025,bootstrap_snips,0.9,0.8825
S3_shift,mean_025,bootstrap_snips,0.95,0.941875
S3_shift,mean_025,bootstrap_snips,0.975,0.968125
S3_shift,mean_025,bootstrap_snips,0.99,0.981875
S3_shift,mean_05,bb_dm,0.5,0.1371875
S3_shift,mean_05,bb_dm,0.6,0.16375
S3_shift,mean_05,bb_dm,0.7,0.1990625
S3_shift,mean_05,bb_dm,0.8,0.2296875
S3_shift,mean_05,bb_dm,0.9,0.2740625
S3_shift,mean_05,bb_dm,0.95,0.3015625
S3_shift,mean_05,bb_dm,0.975,0.323125
S3_shift,mean_05,bb_dm,0.99,0.3503125
S3_shift,mean_05,bb_dr,0.5,0.480625
S3_shift,mean_05,bb_dr,0.6,0.5825
S3_shift,mean_05,bb_dr,0.7,0.6790625
S3_shift,mean_05,bb_dr,0.8,0.786875
S3_shift,mean_05,bb_dr,0.9,0.8875
S3_shift,mean_05,bb_dr,0.95,0.9415625
S3_shift,mean_05,bb_dr,0.975,0.97
S3_shift,mean_05,bb_dr,0.99,0.9859375
S3_shift,mean_05,bootstrap_dr,0.5,0.485625
S3_shift,mean_05,bootstrap_dr,0.6,0.579375
S3_shift,mean_05,bootstrap_dr,0.7,0.6859375
S3_shift,mean_05,bootstrap_dr,0.8,0.790625
S3_shift,mean_05,bootstrap_dr,0.9,0.889375
S3_shift,mean_05,bootstrap_dr,0.95,0.94125
S3_shift,mean_05,bootstrap_dr,0.975,0.9690625
S3_shift,mean_05,bootstrap_dr,0.99,0.9878125
S3_shift,mean_05,bootstrap_snips,0.5,0.4759375
S3_shift,mean_05,bootstrap_snips,0.6,0.57875
S3_shift,mean_05,bootstrap_snips,0.7,0.684375
S3_shift,mean_05,bootstrap_snips,0.8,0.783125
S3_shift,mean_05,bootstrap_snips,0.9,0.885625
S3_shift,mean_05,bootstrap_snips,0.95,0.94
S3_shift,mean_05,bootstrap_snips,0.975,0.968125
S3_shift,mean_05,bootstrap_snips,0.99,0.9859375
S3_shift,mean_10,bb_dm,0.5,0.12375
S3_shift,mean_10,bb_dm,0.6,0.1553125
S3_shift,mean_10,bb_dm,0.7,0.1871875
S3_shift,mean_10,bb_dm,0.8,0.219375
S3_shift,mean_10,bb_dm,0.9,0.266875
S3_shift,mean_10,bb_dm,0.95,0.303125
S3_shift,mean_10,bb_dm,0.975,0.3290625
S3_shift,mean_10,bb_dm,0.99,0.3525
S3_shift,mean_10,bb_dr,0.5,0.4471875
S3_shift,mean_10,bb_dr,0.6,0.5465625
S3_shift,mean_10,bb_dr,0.7,0.6575
S3_shift,mean_10,bb_dr,0.8,0.75625
S3_shift,mean_10,bb_dr,0.9,0.8634375
S3_shift,mean_10,bb_dr,0.95,0.9178125
S3_shift,mean_10,bb_dr,0.975,0.95125
S3_shift,mean_10,bb_dr,0.99,0.9771875
S3_shift,mean_10,bootstrap_dr,0.5,0.45
S3_shift,mean_10,bootstrap_dr,0.6,0.55375
S3_shift,mean_10,bootstrap_dr,0.7,0.6553125
S3_shift,mean_10,bootstrap_dr,0.8,0.75875
S3_shift,mean_10,bootstrap_dr,0.9,0.8615625
S3_shift,mean_10,bootstrap_dr,0.95,0.9209375
S3_shift,mean_10,bootstrap_dr,0.975,0.9528125
S3_shift,mean_10,bootstrap_dr,0.99,0.975625
S3_shift,mean_10,bootstrap_snips,0.5,0.4571875
S3_shift,mean_10,bootstrap_snips,0.6,0.5471875
S3_shift,mean_10,bootstrap_snips,0.7,0.6434375
S3_shift,mean_10,bootstrap_snips,0.8,0.7521875
S3_shift,mean_10,bootstrap_snips,0.9,0.8565625
S3_shift,mean_10,bootstrap_snips,0.95,0.92625
S3_shift,mean_10,bootstrap_snips,0.975,0.9603125
S3_shift,mean_10,bootstrap_snips,0.99,0.9790625
S4_misspecified,linear,bb_dm,0.5,0.04890625
S4_misspecified,linear,bb_dm,0.6,0.06078125
S4_misspecified,linear,bb_dm,0.7,0.07671875
S4_misspecified,linear,bb_dm,0.8,0.09125
S4_misspecified,linear,bb_dm,0.9,0.11046875
S4_misspecified,linear,bb_dm,0.95,0.1225
S4_misspecified,linear,bb_dm,0.975,0.1328125
S4_misspecified,linear,bb_dm,0.99,0.1421875
S4_misspecified,linear,bb_dr,0.5,0.49796875
S4_misspecified,linear,bb_dr,0.6,0.59984375
S4_misspecified,linear,bb_dr,0.7,0.7015625
S4_misspecified,linear,bb_dr,0.8,0.8028125
S4_misspecified,linear,bb_dr,0.9,0.9103125
S4_misspecified,linear,bb_dr,0.95,0.95671875
S4_misspecified,linear,bb_dr,0.975,0.976875
S4_misspecified,linear,bb_dr,0.99,0.98859375
S4_misspecified,linear,bootstrap_dr,0.5,0.50421875
S4_misspecified,linear,bootstrap_dr,0.6,0.60015625
S4_misspecified,linear,bootstrap_dr,0.7,0.7034375
S4_misspecified,linear,bootstrap_dr,0.8,0.8040625
S4_misspecified,linear,bootstrap_dr,0.9,0.908125
S4_misspecified,linear,bootstrap_dr,0.95,0.9553125
S4_misspecified,linear,bootstrap_dr,0.975,0.97625
S4_misspecified,linear,bootstrap_dr,0.99,0.98890625
S4_misspecified,linear,bootstrap_snips,0.5,0.5121875
S4_misspecified,linear,bootstrap_snips,0.6,0.610625
S4_misspecified,linear,bootstrap_snips,0.7,0.706875
S4_misspecified,linear,bootstrap_snips,0.8,0.8059375
S4_misspecified,linear,bootstrap_snips,0.9,0.8971875
S4_misspecified,linear,bootstrap_snips,0.95,0.9540625
S4_misspecified,linear,bootstrap_snips,0.975,0.9771875
S4_misspecified,linear,bootstrap_snips,0.99,0.9896875
S4_misspecified,mild_nonlinear,bb_dm,0.5,0.0490625
S4_misspecified,mild_nonlinear,bb_dm,0.6,0.06328125
S4_misspecified,mild_nonlinear,bb_dm,0.7,0.075625
S4_misspecified,mild_nonlinear,bb_dm,0.8,0.08890625
S4_misspecified,mild_nonlinear,bb_dm,0.9,0.10703125
S4_misspecified,mild_nonlinear,bb_dm,0.95,0.12015625
S4_misspecified,mild_nonlinear,bb_dm,0.975,0.1303125
S4_misspecified,mild_nonlinear,bb_dm,0.99,0.14015625
S4_misspecified,mild_nonlinear,bb_dr,0.5,0.50578125
S4_misspecified,mild_nonlinear,bb_dr,0.6,0.605
S4_misspecified,mild_nonlinear,bb_dr,0.7,0.704375
S4_misspecified,mild_nonlinear,bb_dr,0.8,0.80296875
S4_misspecified,mild_nonlinear,bb_dr,0.9,0.89671875
S4_misspecified,mild_nonlinear,bb_dr,0.95,0.9478125
S4_misspecified,mild_nonlinear,bb_dr,0.975,0.9725
S4_misspecified,mild_nonlinear,bb_dr,0.99,0.98703125
S4_misspecified,mild_nonlinear,bootstrap_dr,0.5,0.50453125
S4_misspecified,mild_nonlinear,bootstrap_dr,0.6,0.6059375
S4_misspecified,mild_nonlinear,bootstrap_dr,0.7,0.705
S4_misspecified,mild_nonlinear,bootstrap_dr,0.8,0.80328125
S4_misspecified,mild_nonlinear,bootstrap_dr,0.9,0.90015625
S4_misspecified,mild_nonlinear,bootstrap_dr,0.95,0.948125
S4_misspecified,mild_nonlinear,bootstrap_dr,0.975,0.97140625
S4_misspecified,mild_nonlinear,bootstrap_dr,0.99,0.98640625
S4_misspecified,mild_nonlinear,bootstrap_snips,0.5,0.504375
S4_misspecified,mild_nonlinear,bootstrap_snips,0.6,0.599375
S4_misspecified,mild_nonlinear,bootstrap_snips,0.7,0.6990625
S4_misspecified,mild_nonlinear,bootstrap_snips,0.8,0.794375
S4_misspecified,mild_nonlinear,bootstrap_snips,0.9,0.8975
S4_misspecified,mild_nonlinear,bootstrap_snips,0.95,0.949375
S4_misspecified,mild_nonlinear,bootstrap_snips,0.975,0.975625
S4_misspecified,mild_nonlinear,bootstrap_snips,0.99,0.9903125
S4_misspecified,strong_nonlinear,bb_dm,0.5,0.02375
S4_misspecified,strong_nonlinear,bb_dm,0.6,0.02953125
S4_misspecified,strong_nonlinear,bb_dm,0.7,0.036875
S4_misspecified,strong_nonlinear,bb_dm,0.8,0.04671875
S4_misspecified,strong_nonlinear,bb_dm,0.9,0.06265625
S4_misspecified,strong_nonlinear,bb_dm,0.95,0.07375
S4_misspecified,strong_nonlinear,bb_dm,0.975,0.0865625
S4_misspecified,strong_nonlinear,bb_dm,0.99,0.100625
S4_misspecified,strong_nonlinear,bb_dr,0.5,0.49734375
S4_misspecified,strong_nonlinear,bb_dr,0.6,0.59578125
S4_misspecified,strong_nonlinear,bb_dr,0.7,0.69171875
S4_misspecified,strong_nonlinear,bb_dr,0.8,0.799375
S4_misspecified,strong_nonlinear,bb_dr,0.9,0.89609375
S4_misspecified,strong_nonlinear,bb_dr,0.95,0.94421875
S4_misspecified,strong_nonlinear,bb_dr,0.975,0.96984375
S4_misspecified,strong_nonlinear,bb_dr,0.99,0.98734375
S4_misspecified,strong_nonlinear,bootstrap_dr,0.5,0.49796875
S4_misspecified,strong_nonlinear,bootstrap_dr,0.6,0.595
S4_misspecified,strong_nonlinear,bootstrap_dr,0.7,0.6903125
S4_misspecified,strong_nonlinear,bootstrap_dr,0.8,0.7978125
S4_misspecified,strong_nonlinear,bootstrap_dr,0.9,0.8978125
S4_misspecified,strong_nonlinear,bootstrap_dr,0.95,0.9453125
S4_misspecified,strong_nonlinear,bootstrap_dr,0.975,0.97046875
S4_misspecified,strong_nonlinear,bootstrap_dr,0.99,0.98734375
S4_misspecified,strong_nonlinear,bootstrap_snips,0.5,0.4878125
S4_misspecified,strong_nonlinear,bootstrap_snips,0.6,0.5921875
S4_misspecified,strong_nonlinear,bootstrap_snips,0.7,0.69875
S4_misspecified,strong_nonlinear,bootstrap_snips,0.8,0.7928125
S4_misspecified,strong_nonlinear,bootstrap_snips,0.9,0.9003125
S4_misspecified,strong_nonlinear,bootstrap_snips,0.95,0.95
S4_misspecified,strong_nonlinear,bootstrap_snips,0.975,0.9728125
S4_misspecified,strong_nonlinear,bootstrap_snips,0.99,0.9915625
S5_combined,moderate,bb_dm,0.5,0.0190625
S5_combined,moderate,bb_dm,0.6,0.0240625
S5_combined,moderate,bb_dm,0.7,0.030625
S5_combined,moderate,bb_dm,0.8,0.040625
S5_combined,moderate,bb_dm,0.9,0.060625
S5_combined,moderate,bb_dm,0.95,0.0784375
S5_combined,moderate,bb_dm,0.975,0.093125
S5_combined,moderate,bb_dm,0.99,0.1096875
S5_combined,moderate,bb_dr,0.5,0.35375
S5_combined,moderate,bb_dr,0.6,0.425625
S5_combined,moderate,bb_dr,0.7,0.5040625
S5_combined,moderate,bb_dr,0.8,0.5784375
S5_combined,moderate,bb_dr,0.9,0.6590625
S5_combined,moderate,bb_dr,0.95,0.6965625
S5_combined,moderate,bb_dr,0.975,0.7209375
S5_combined,moderate,bb_dr,0.99,0.7378125
S5_combined,moderate,bootstrap_dr,0.5,0.355
S5_combined,moderate,bootstrap_dr,0.6,0.430625
S5_combined,moderate,bootstrap_dr,0.7,0.50375
S5_combined,moderate,bootstrap_dr,0.8,0.578125
S5_combined,moderate,bootstrap_dr,0.9,0.6575
S5_combined,moderate,bootstrap_dr,0.95,0.6975
S5_combined,moderate,bootstrap_dr,0.975,0.7203125
S5_combined,moderate,bootstrap_dr,0.99,0.7378125
S5_combined,moderate,bootstrap_snips,0.5,0.3509375
S5_combined,moderate,bootstrap_snips,0.6,0.4303125
S5_combined,moderate,bootstrap_snips,0.7,0.5078125
S5_combined,moderate,bootstrap_snips,0.8,0.5821875
S5_combined,moderate,bootstrap_snips,0.9,0.6578125
S5_combined,moderate,bootstrap_snips,0.95,0.7059375
S5_combined,moderate,bootstrap_snips,0.975,0.7246875
S5_combined,moderate,bootstrap_snips,0.99,0.7384375
S5_combined,severe,bb_dm,0.5,0.02125
S5_combined,severe,bb_dm,0.6,0.029125
S5_combined,severe,bb_dm,0.7,0.037125
S5_combined,severe,bb_dm,0.8,0.04925
S5_combined,severe,bb_dm,0.9,0.071625
S5_combined,severe,bb_dm,0.95,0.0925
S5_combined,severe,bb_dm,0.975,0.110375
S5_combined,severe,bb_dm,0.99,0.13275
S5_combined,severe,bb_dr,0.5,0.346375
S5_combined,severe,bb_dr,0.6,0.421125
S5_combined,severe,bb_dr,0.7,0.494375
S5_combined,severe,bb_dr,0.8,0.56975
S5_combined,severe,bb_dr,0.9,0.655375
S5_combined,severe,bb_dr,0.95,0.697875
S5_combined,severe,bb_dr,0.975,0.719125
S5_combined,severe,bb_dr,0.99,0.73275
S5_combined,severe,bootstrap_dr,0.5,0.35475
S5_combined,severe,bootstrap_dr,0.6,0.42775
S5_combined,severe,bootstrap_dr,0.7,0.502
S5_combined,severe,bootstrap_dr,0.8,0.575875
S5_combined,severe,bootstrap_dr,0.9,0.658875
S5_combined,severe,bootstrap_dr,0.95,0.6995
S5_combined,severe,bootstrap_dr,0.975,0.721625
S5_combined,severe,bootstrap_dr,0.99,0.73475
S5_combined,severe,bootstrap_snips,0.5,0.360875
S5_combined,severe,bootstrap_snips,0.6,0.433
S5_combined,severe,bootstrap_snips,0.7,0.503125
S5_combined,severe,bootstrap_snips,0.8,0.57925
S5_combined,severe,bootstrap_snips,0.9,0.659375
S5_combined,severe,bootstrap_snips,0.95,0.70075
S5_combined,severe,bootstrap_snips,0.975,0.72175
S5_combined,severe,bootstrap_snips,0.99,0.73325
